mediaID,deploymentID,captureMethod,timestamp,filePath,filePublic,fileName,fileMediatype,exifData,favorite,mediaComments
018569f6-1f7d-4ec6-845e-83ae5038b9b2,a9b7df9d-6ea7-4b5f-bc38-e96025eaa089,,2025-05-22T02:39:59+00:00,https://anon.erda.au.dk/share_redirect/DSWDMAO70L/ias/2025/denmark/DK3/20250522023959-snapshot.jpg,True,20250522023959-snapshot.jpg,image/jpg,,,
01cbd6b7-cfd0-4f73-a1bd-be2b1559c52c,a9b7df9d-6ea7-4b5f-bc38-e96025eaa089,,2025-05-22T02:29:59+00:00,https://anon.erda.au.dk/share_redirect/DSWDMAO70L/ias/2025/denmark/DK3/20250522022959-snapshot.jpg,True,20250522022959-snapshot.jpg,image/jpg,,,
03d050eb-5642-45a3-817f-ae808f0e4747,a9b7df9d-6ea7-4b5f-bc38-e96025eaa089,,2025-05-24T00:39:59+00:00,https://anon.erda.au.dk/share_redirect/DSWDMAO70L/ias/2025/denmark/DK3/20250524003959-snapshot.jpg,True,20250524003959-snapshot.jpg,image/jpg,,,
042702c6-9bf2-4d91-ab01-47d64685bb89,a9b7df9d-6ea7-4b5f-bc38-e96025eaa089,,2025-06-03T00:00:00+00:00,https://anon.erda.au.dk/share_redirect/DSWDMAO70L/ias/2025/denmark/DK3/20250603000000-snapshot.jpg,True,20250603000000-snapshot.jpg,image/jpg,,,
045a23ef-e087-4fa9-bbb5-d03c2b2130a5,a9b7df9d-6ea7-4b5f-bc38-e96025eaa089,,2025-06-01T01:10:00+00:00,https://anon.erda.au.dk/share_redirect/DSWDMAO70L/ias/2025/denmark/DK3/20250601011000-snapshot.jpg,True,20250601011000-snapshot.jpg,image/jpg,,,
0526f5b4-89f3-4361-8a51-60de67704d15,a9b7df9d-6ea7-4b5f-bc38-e96025eaa089,,2025-05-22T01:19:59+00:00,https://anon.erda.au.dk/share_redirect/DSWDMAO70L/ias/2025/denmark/DK3/20250522011959-snapshot.jpg,True,20250522011959-snapshot.jpg,image/jpg,,,
06b62c26-df44-4db4-825a-ef4e291027cc,a9b7df9d-6ea7-4b5f-bc38-e96025eaa089,,2025-06-02T00:39:59+00:00,https://anon.erda.au.dk/share_redirect/DSWDMAO70L/ias/2025/denmark/DK3/20250602003959-snapshot.jpg,True,20250602003959-snapshot.jpg,image/jpg,,,
07785382-21d5-416a-af1d-951b65daa78d,a9b7df9d-6ea7-4b5f-bc38-e96025eaa089,,2025-06-13T00:09:59+00:00,https://anon.erda.au.dk/share_redirect/DSWDMAO70L/ias/2025/denmark/DK3/20250613000959-snapshot.jpg,True,20250613000959-snapshot.jpg,image/jpg,,,
085e36c1-6858-476b-afa1-9b226db94727,a9b7df9d-6ea7-4b5f-bc38-e96025eaa089,,2025-06-14T02:29:59+00:00,https://anon.erda.au.dk/share_redirect/DSWDMAO70L/ias/2025/denmark/DK3/20250614022959-snapshot.jpg,True,20250614022959-snapshot.jpg,image/jpg,,,
0ac2f8b6-5002-431c-a7d7-e8003863ffc9,a9b7df9d-6ea7-4b5f-bc38-e96025eaa089,,2025-06-14T01:59:59+00:00,https://anon.erda.au.dk/share_redirect/DSWDMAO70L/ias/2025/denmark/DK3/20250614015959-snapshot.jpg,True,20250614015959-snapshot.jpg,image/jpg,,,
0b786a4b-7dee-4687-81b1-f570adf3e702,a9b7df9d-6ea7-4b5f-bc38-e96025eaa089,,2025-05-24T02:49:59+00:00,https://anon.erda.au.dk/share_redirect/DSWDMAO70L/ias/2025/denmark/DK3/20250524024959-snapshot.jpg,True,20250524024959-snapshot.jpg,image/jpg,,,
0bdcc65d-d7a0-4924-924f-b2eb3f1b407a,a9b7df9d-6ea7-4b5f-bc38-e96025eaa089,,2025-06-02T00:29:59+00:00,https://anon.erda.au.dk/share_redirect/DSWDMAO70L/ias/2025/denmark/DK3/20250602002959-snapshot.jpg,True,20250602002959-snapshot.jpg,image/jpg,,,
117786d1-643b-43c8-882c-abe6f7870caa,a9b7df9d-6ea7-4b5f-bc38-e96025eaa089,,2025-06-14T01:19:59+00:00,https://anon.erda.au.dk/share_redirect/DSWDMAO70L/ias/2025/denmark/DK3/20250614011959-snapshot.jpg,True,20250614011959-snapshot.jpg,image/jpg,,,
126cd480-02ea-48df-bf41-3df095e34ee8,a9b7df9d-6ea7-4b5f-bc38-e96025eaa089,,2025-06-03T01:30:00+00:00,https://anon.erda.au.dk/share_redirect/DSWDMAO70L/ias/2025/denmark/DK3/20250603013000-snapshot.jpg,True,20250603013000-snapshot.jpg,image/jpg,,,
14aec27a-7ad9-42c4-a23c-eecbd715da2e,a9b7df9d-6ea7-4b5f-bc38-e96025eaa089,,2025-06-01T00:40:00+00:00,https://anon.erda.au.dk/share_redirect/DSWDMAO70L/ias/2025/denmark/DK3/20250601004000-snapshot.jpg,True,20250601004000-snapshot.jpg,image/jpg,,,
16ca6f65-6786-4aeb-8eb7-2c0bb5a45a6c,a9b7df9d-6ea7-4b5f-bc38-e96025eaa089,,2025-05-26T00:49:59+00:00,https://anon.erda.au.dk/share_redirect/DSWDMAO70L/ias/2025/denmark/DK3/20250526004959-snapshot.jpg,True,20250526004959-snapshot.jpg,image/jpg,,,
17c04b97-bc90-4c85-a501-c4b829fe5805,a9b7df9d-6ea7-4b5f-bc38-e96025eaa089,,2025-06-13T01:49:59+00:00,https://anon.erda.au.dk/share_redirect/DSWDMAO70L/ias/2025/denmark/DK3/20250613014959-snapshot.jpg,True,20250613014959-snapshot.jpg,image/jpg,,,
1bc2ac42-46dc-4bd8-a255-55abb75591bd,a9b7df9d-6ea7-4b5f-bc38-e96025eaa089,,2025-05-25T23:49:59+00:00,https://anon.erda.au.dk/share_redirect/DSWDMAO70L/ias/2025/denmark/DK3/20250525234959-snapshot.jpg,True,20250525234959-snapshot.jpg,image/jpg,,,
1c2f267f-b212-408b-9b3a-dd4b4caf85d8,a9b7df9d-6ea7-4b5f-bc38-e96025eaa089,,2025-05-26T00:29:59+00:00,https://anon.erda.au.dk/share_redirect/DSWDMAO70L/ias/2025/denmark/DK3/20250526002959-snapshot.jpg,True,20250526002959-snapshot.jpg,image/jpg,,,
1c957271-443d-45d5-9330-8a1754e6c9fa,a9b7df9d-6ea7-4b5f-bc38-e96025eaa089,,2025-05-25T02:20:00+00:00,https://anon.erda.au.dk/share_redirect/DSWDMAO70L/ias/2025/denmark/DK3/20250525022000-snapshot.jpg,True,20250525022000-snapshot.jpg,image/jpg,,,
1e2322c3-fcaf-4ecb-bedf-e0d0163c5bb8,a9b7df9d-6ea7-4b5f-bc38-e96025eaa089,,2025-06-13T00:39:59+00:00,https://anon.erda.au.dk/share_redirect/DSWDMAO70L/ias/2025/denmark/DK3/20250613003959-snapshot.jpg,True,20250613003959-snapshot.jpg,image/jpg,,,
1f7c0097-6a5f-4c9b-9389-28c2518216d1,a9b7df9d-6ea7-4b5f-bc38-e96025eaa089,,2025-05-23T02:59:59+00:00,https://anon.erda.au.dk/share_redirect/DSWDMAO70L/ias/2025/denmark/DK3/20250523025959-snapshot.jpg,True,20250523025959-snapshot.jpg,image/jpg,,,
1f806a1e-1eeb-4dce-8bb2-e586c0bfdc91,a9b7df9d-6ea7-4b5f-bc38-e96025eaa089,,2025-06-01T01:50:00+00:00,https://anon.erda.au.dk/share_redirect/DSWDMAO70L/ias/2025/denmark/DK3/20250601015000-snapshot.jpg,True,20250601015000-snapshot.jpg,image/jpg,,,
202e4443-1cbf-4f52-ac66-ddba0cb4dd61,a9b7df9d-6ea7-4b5f-bc38-e96025eaa089,,2025-05-22T01:59:59+00:00,https://anon.erda.au.dk/share_redirect/DSWDMAO70L/ias/2025/denmark/DK3/20250522015959-snapshot.jpg,True,20250522015959-snapshot.jpg,image/jpg,,,
219b8b92-ff6c-470b-bcc4-9d19327f7d2c,a9b7df9d-6ea7-4b5f-bc38-e96025eaa089,,2025-06-12T00:40:00+00:00,https://anon.erda.au.dk/share_redirect/DSWDMAO70L/ias/2025/denmark/DK3/20250612004000-snapshot.jpg,True,20250612004000-snapshot.jpg,image/jpg,,,
220ae1dc-2201-4c29-a989-b3916438e636,a9b7df9d-6ea7-4b5f-bc38-e96025eaa089,,2025-06-12T23:49:59+00:00,https://anon.erda.au.dk/share_redirect/DSWDMAO70L/ias/2025/denmark/DK3/20250612234959-snapshot.jpg,True,20250612234959-snapshot.jpg,image/jpg,,,
22642e53-10a5-41ae-bdf6-d37d9c7a34c5,a9b7df9d-6ea7-4b5f-bc38-e96025eaa089,,2025-06-12T00:30:00+00:00,https://anon.erda.au.dk/share_redirect/DSWDMAO70L/ias/2025/denmark/DK3/20250612003000-snapshot.jpg,True,20250612003000-snapshot.jpg,image/jpg,,,
226b3b66-5028-4719-9103-54bb7f34af9b,a9b7df9d-6ea7-4b5f-bc38-e96025eaa089,,2025-05-20T23:49:59+00:00,https://anon.erda.au.dk/share_redirect/DSWDMAO70L/ias/2025/denmark/DK3/20250520234959-snapshot.jpg,True,20250520234959-snapshot.jpg,image/jpg,,,
23be3a2c-c1e7-4d6c-a71c-b800885edb49,a9b7df9d-6ea7-4b5f-bc38-e96025eaa089,,2025-05-21T02:39:59+00:00,https://anon.erda.au.dk/share_redirect/DSWDMAO70L/ias/2025/denmark/DK3/20250521023959-snapshot.jpg,True,20250521023959-snapshot.jpg,image/jpg,,,
23ec83f0-f7fa-4bf4-9031-b7f9215ecb6b,a9b7df9d-6ea7-4b5f-bc38-e96025eaa089,,2025-06-13T23:19:59+00:00,https://anon.erda.au.dk/share_redirect/DSWDMAO70L/ias/2025/denmark/DK3/20250613231959-snapshot.jpg,True,20250613231959-snapshot.jpg,image/jpg,,,
25619556-8b84-4c35-916d-43d93f1412a6,a9b7df9d-6ea7-4b5f-bc38-e96025eaa089,,2025-06-02T01:09:59+00:00,https://anon.erda.au.dk/share_redirect/DSWDMAO70L/ias/2025/denmark/DK3/20250602010959-snapshot.jpg,True,20250602010959-snapshot.jpg,image/jpg,,,
2ab55c93-151c-496d-ab07-66c990fce4b9,a9b7df9d-6ea7-4b5f-bc38-e96025eaa089,,2025-05-25T00:00:00+00:00,https://anon.erda.au.dk/share_redirect/DSWDMAO70L/ias/2025/denmark/DK3/20250525000000-snapshot.jpg,True,20250525000000-snapshot.jpg,image/jpg,,,
2b23598b-3a0d-4cc3-bbcd-b176d60e0f99,a9b7df9d-6ea7-4b5f-bc38-e96025eaa089,,2025-06-01T00:20:00+00:00,https://anon.erda.au.dk/share_redirect/DSWDMAO70L/ias/2025/denmark/DK3/20250601002000-snapshot.jpg,True,20250601002000-snapshot.jpg,image/jpg,,,
2d0f6154-14b1-4a89-9c92-c8333effb200,a9b7df9d-6ea7-4b5f-bc38-e96025eaa089,,2025-06-12T23:19:59+00:00,https://anon.erda.au.dk/share_redirect/DSWDMAO70L/ias/2025/denmark/DK3/20250612231959-snapshot.jpg,True,20250612231959-snapshot.jpg,image/jpg,,,
303084ed-de31-4591-a15e-3e20613ba49b,a9b7df9d-6ea7-4b5f-bc38-e96025eaa089,,2025-05-22T02:49:59+00:00,https://anon.erda.au.dk/share_redirect/DSWDMAO70L/ias/2025/denmark/DK3/20250522024959-snapshot.jpg,True,20250522024959-snapshot.jpg,image/jpg,,,
30615b85-cd48-4343-b619-9d47f0e329f9,a9b7df9d-6ea7-4b5f-bc38-e96025eaa089,,2025-05-25T01:50:00+00:00,https://anon.erda.au.dk/share_redirect/DSWDMAO70L/ias/2025/denmark/DK3/20250525015000-snapshot.jpg,True,20250525015000-snapshot.jpg,image/jpg,,,
309905c2-91cb-4e06-9493-31f53e3753bc,a9b7df9d-6ea7-4b5f-bc38-e96025eaa089,,2025-06-14T02:09:59+00:00,https://anon.erda.au.dk/share_redirect/DSWDMAO70L/ias/2025/denmark/DK3/20250614020959-snapshot.jpg,True,20250614020959-snapshot.jpg,image/jpg,,,
30b1b346-0b12-45c9-93e7-ee2bcbf6d6dd,a9b7df9d-6ea7-4b5f-bc38-e96025eaa089,,2025-06-12T02:40:00+00:00,https://anon.erda.au.dk/share_redirect/DSWDMAO70L/ias/2025/denmark/DK3/20250612024000-snapshot.jpg,True,20250612024000-snapshot.jpg,image/jpg,,,
311d0e75-45dd-4e67-a9d2-b393c6ed3ab0,a9b7df9d-6ea7-4b5f-bc38-e96025eaa089,,2025-06-13T01:39:59+00:00,https://anon.erda.au.dk/share_redirect/DSWDMAO70L/ias/2025/denmark/DK3/20250613013959-snapshot.jpg,True,20250613013959-snapshot.jpg,image/jpg,,,
319db227-9037-4e99-9755-b30a57046a99,a9b7df9d-6ea7-4b5f-bc38-e96025eaa089,,2025-06-01T01:40:00+00:00,https://anon.erda.au.dk/share_redirect/DSWDMAO70L/ias/2025/denmark/DK3/20250601014000-snapshot.jpg,True,20250601014000-snapshot.jpg,image/jpg,,,
32694ca8-21ea-4387-9b9a-a871972b260a,a9b7df9d-6ea7-4b5f-bc38-e96025eaa089,,2025-06-12T01:00:00+00:00,https://anon.erda.au.dk/share_redirect/DSWDMAO70L/ias/2025/denmark/DK3/20250612010000-snapshot.jpg,True,20250612010000-snapshot.jpg,image/jpg,,,
33e3adbf-1c6d-4688-8092-a8a0d3d3a01c,a9b7df9d-6ea7-4b5f-bc38-e96025eaa089,,2025-06-02T00:09:59+00:00,https://anon.erda.au.dk/share_redirect/DSWDMAO70L/ias/2025/denmark/DK3/20250602000959-snapshot.jpg,True,20250602000959-snapshot.jpg,image/jpg,,,
3426f9a0-229d-42f8-b161-74943bc81823,a9b7df9d-6ea7-4b5f-bc38-e96025eaa089,,2025-06-12T00:00:00+00:00,https://anon.erda.au.dk/share_redirect/DSWDMAO70L/ias/2025/denmark/DK3/20250612000000-snapshot.jpg,True,20250612000000-snapshot.jpg,image/jpg,,,
36c24c4d-efcd-4c02-b6ba-fd3d7b33cb9a,a9b7df9d-6ea7-4b5f-bc38-e96025eaa089,,2025-05-23T02:29:59+00:00,https://anon.erda.au.dk/share_redirect/DSWDMAO70L/ias/2025/denmark/DK3/20250523022959-snapshot.jpg,True,20250523022959-snapshot.jpg,image/jpg,,,
3cc73377-6f37-4f70-bfea-ad9eea94fab7,a9b7df9d-6ea7-4b5f-bc38-e96025eaa089,,2025-05-23T02:19:59+00:00,https://anon.erda.au.dk/share_redirect/DSWDMAO70L/ias/2025/denmark/DK3/20250523021959-snapshot.jpg,True,20250523021959-snapshot.jpg,image/jpg,,,
3dc61142-5db1-4fbe-994e-0a957e3c6716,a9b7df9d-6ea7-4b5f-bc38-e96025eaa089,,2025-06-01T01:30:00+00:00,https://anon.erda.au.dk/share_redirect/DSWDMAO70L/ias/2025/denmark/DK3/20250601013000-snapshot.jpg,True,20250601013000-snapshot.jpg,image/jpg,,,
3e4cceeb-365d-46f2-b554-3dbbc45e9f43,a9b7df9d-6ea7-4b5f-bc38-e96025eaa089,,2025-05-22T00:49:59+00:00,https://anon.erda.au.dk/share_redirect/DSWDMAO70L/ias/2025/denmark/DK3/20250522004959-snapshot.jpg,True,20250522004959-snapshot.jpg,image/jpg,,,
3e6ecf35-e0d8-490e-8a04-6bc8b192ee2e,a9b7df9d-6ea7-4b5f-bc38-e96025eaa089,,2025-06-13T23:39:59+00:00,https://anon.erda.au.dk/share_redirect/DSWDMAO70L/ias/2025/denmark/DK3/20250613233959-snapshot.jpg,True,20250613233959-snapshot.jpg,image/jpg,,,
3eeb3d07-d5ff-426c-a930-4397cf305f8e,a9b7df9d-6ea7-4b5f-bc38-e96025eaa089,,2025-05-22T02:19:59+00:00,https://anon.erda.au.dk/share_redirect/DSWDMAO70L/ias/2025/denmark/DK3/20250522021959-snapshot.jpg,True,20250522021959-snapshot.jpg,image/jpg,,,
41117355-d18e-4009-8630-68e9171e3208,a9b7df9d-6ea7-4b5f-bc38-e96025eaa089,,2025-05-22T00:39:59+00:00,https://anon.erda.au.dk/share_redirect/DSWDMAO70L/ias/2025/denmark/DK3/20250522003959-snapshot.jpg,True,20250522003959-snapshot.jpg,image/jpg,,,
41f34221-3705-4b40-a47e-97536b43cd1d,a9b7df9d-6ea7-4b5f-bc38-e96025eaa089,,2025-06-13T02:29:59+00:00,https://anon.erda.au.dk/share_redirect/DSWDMAO70L/ias/2025/denmark/DK3/20250613022959-snapshot.jpg,True,20250613022959-snapshot.jpg,image/jpg,,,
421ac06f-1503-4bff-9974-94f0c236a1fc,a9b7df9d-6ea7-4b5f-bc38-e96025eaa089,,2025-05-22T00:19:59+00:00,https://anon.erda.au.dk/share_redirect/DSWDMAO70L/ias/2025/denmark/DK3/20250522001959-snapshot.jpg,True,20250522001959-snapshot.jpg,image/jpg,,,
43bbf80b-1d4b-4a4b-ad4a-565b5352925b,a9b7df9d-6ea7-4b5f-bc38-e96025eaa089,,2025-06-14T00:39:59+00:00,https://anon.erda.au.dk/share_redirect/DSWDMAO70L/ias/2025/denmark/DK3/20250614003959-snapshot.jpg,True,20250614003959-snapshot.jpg,image/jpg,,,
43c91145-ec38-4d10-9192-ee777d48ffe7,a9b7df9d-6ea7-4b5f-bc38-e96025eaa089,,2025-05-21T23:49:59+00:00,https://anon.erda.au.dk/share_redirect/DSWDMAO70L/ias/2025/denmark/DK3/20250521234959-snapshot.jpg,True,20250521234959-snapshot.jpg,image/jpg,,,
45c83d7a-f6ab-4634-80e8-9e6f637aee2e,a9b7df9d-6ea7-4b5f-bc38-e96025eaa089,,2025-06-12T02:50:00+00:00,https://anon.erda.au.dk/share_redirect/DSWDMAO70L/ias/2025/denmark/DK3/20250612025000-snapshot.jpg,True,20250612025000-snapshot.jpg,image/jpg,,,
45cb37f1-4bcf-478f-9f22-9b80c1093ec4,a9b7df9d-6ea7-4b5f-bc38-e96025eaa089,,2025-06-14T00:49:59+00:00,https://anon.erda.au.dk/share_redirect/DSWDMAO70L/ias/2025/denmark/DK3/20250614004959-snapshot.jpg,True,20250614004959-snapshot.jpg,image/jpg,,,
4661dbed-9b0b-4c27-af8a-cce20e523f7a,a9b7df9d-6ea7-4b5f-bc38-e96025eaa089,,2025-05-26T00:39:59+00:00,https://anon.erda.au.dk/share_redirect/DSWDMAO70L/ias/2025/denmark/DK3/20250526003959-snapshot.jpg,True,20250526003959-snapshot.jpg,image/jpg,,,
46ec6ca4-6587-4355-9697-4a56b8bed4b5,a9b7df9d-6ea7-4b5f-bc38-e96025eaa089,,2025-06-11T23:40:00+00:00,https://anon.erda.au.dk/share_redirect/DSWDMAO70L/ias/2025/denmark/DK3/20250611234000-snapshot.jpg,True,20250611234000-snapshot.jpg,image/jpg,,,
4744046e-091d-4b82-bd74-4a473281767c,a9b7df9d-6ea7-4b5f-bc38-e96025eaa089,,2025-05-23T23:29:59+00:00,https://anon.erda.au.dk/share_redirect/DSWDMAO70L/ias/2025/denmark/DK3/20250523232959-snapshot.jpg,True,20250523232959-snapshot.jpg,image/jpg,,,
48f67e19-5673-49ab-bc7b-0ba76e8ffb83,a9b7df9d-6ea7-4b5f-bc38-e96025eaa089,,2025-06-02T01:49:59+00:00,https://anon.erda.au.dk/share_redirect/DSWDMAO70L/ias/2025/denmark/DK3/20250602014959-snapshot.jpg,True,20250602014959-snapshot.jpg,image/jpg,,,
4c5629e0-461c-45b6-ad9a-b2f995ec241b,a9b7df9d-6ea7-4b5f-bc38-e96025eaa089,,2025-06-11T23:50:00+00:00,https://anon.erda.au.dk/share_redirect/DSWDMAO70L/ias/2025/denmark/DK3/20250611235000-snapshot.jpg,True,20250611235000-snapshot.jpg,image/jpg,,,
4cd132ea-8fbd-45ae-a3f5-ff6ba77b6da8,a9b7df9d-6ea7-4b5f-bc38-e96025eaa089,,2025-06-01T00:10:00+00:00,https://anon.erda.au.dk/share_redirect/DSWDMAO70L/ias/2025/denmark/DK3/20250601001000-snapshot.jpg,True,20250601001000-snapshot.jpg,image/jpg,,,
4d260fb2-50c0-4d24-aa03-e78c7eb82a84,a9b7df9d-6ea7-4b5f-bc38-e96025eaa089,,2025-05-24T01:29:59+00:00,https://anon.erda.au.dk/share_redirect/DSWDMAO70L/ias/2025/denmark/DK3/20250524012959-snapshot.jpg,True,20250524012959-snapshot.jpg,image/jpg,,,
4f959fe9-3a80-468c-a389-0c54eeccbb28,a9b7df9d-6ea7-4b5f-bc38-e96025eaa089,,2025-06-13T00:49:59+00:00,https://anon.erda.au.dk/share_redirect/DSWDMAO70L/ias/2025/denmark/DK3/20250613004959-snapshot.jpg,True,20250613004959-snapshot.jpg,image/jpg,,,
51d7bdbf-549d-4e30-aa0d-8ab7c43ca646,a9b7df9d-6ea7-4b5f-bc38-e96025eaa089,,2025-05-23T23:19:59+00:00,https://anon.erda.au.dk/share_redirect/DSWDMAO70L/ias/2025/denmark/DK3/20250523231959-snapshot.jpg,True,20250523231959-snapshot.jpg,image/jpg,,,
52925262-ee5b-471d-b30b-96ac804bbee8,a9b7df9d-6ea7-4b5f-bc38-e96025eaa089,,2025-05-21T23:09:59+00:00,https://anon.erda.au.dk/share_redirect/DSWDMAO70L/ias/2025/denmark/DK3/20250521230959-snapshot.jpg,True,20250521230959-snapshot.jpg,image/jpg,,,
52e23970-0764-4e68-869d-a79db91f706b,a9b7df9d-6ea7-4b5f-bc38-e96025eaa089,,2025-05-23T23:09:59+00:00,https://anon.erda.au.dk/share_redirect/DSWDMAO70L/ias/2025/denmark/DK3/20250523230959-snapshot.jpg,True,20250523230959-snapshot.jpg,image/jpg,,,
53b83139-0ad7-40c2-b421-4561b9dd3dbd,a9b7df9d-6ea7-4b5f-bc38-e96025eaa089,,2025-05-25T02:00:00+00:00,https://anon.erda.au.dk/share_redirect/DSWDMAO70L/ias/2025/denmark/DK3/20250525020000-snapshot.jpg,True,20250525020000-snapshot.jpg,image/jpg,,,
56624b99-c1c8-4a59-8ca0-c53fdfab41b7,a9b7df9d-6ea7-4b5f-bc38-e96025eaa089,,2025-06-13T01:19:59+00:00,https://anon.erda.au.dk/share_redirect/DSWDMAO70L/ias/2025/denmark/DK3/20250613011959-snapshot.jpg,True,20250613011959-snapshot.jpg,image/jpg,,,
58d020eb-f587-4e9b-9fc9-70d55a57a1c3,a9b7df9d-6ea7-4b5f-bc38-e96025eaa089,,2025-05-25T23:29:59+00:00,https://anon.erda.au.dk/share_redirect/DSWDMAO70L/ias/2025/denmark/DK3/20250525232959-snapshot.jpg,True,20250525232959-snapshot.jpg,image/jpg,,,
5d1eeb45-4136-4e9b-81c8-3b080bde1d3b,a9b7df9d-6ea7-4b5f-bc38-e96025eaa089,,2025-06-03T00:40:00+00:00,https://anon.erda.au.dk/share_redirect/DSWDMAO70L/ias/2025/denmark/DK3/20250603004000-snapshot.jpg,True,20250603004000-snapshot.jpg,image/jpg,,,
5ee1658c-2dba-43bd-b106-4379d01917de,a9b7df9d-6ea7-4b5f-bc38-e96025eaa089,,2025-06-03T00:10:00+00:00,https://anon.erda.au.dk/share_redirect/DSWDMAO70L/ias/2025/denmark/DK3/20250603001000-snapshot.jpg,True,20250603001000-snapshot.jpg,image/jpg,,,
607358f6-b9ac-4f54-a3cc-022a53e4d861,a9b7df9d-6ea7-4b5f-bc38-e96025eaa089,,2025-06-01T23:19:59+00:00,https://anon.erda.au.dk/share_redirect/DSWDMAO70L/ias/2025/denmark/DK3/20250601231959-snapshot.jpg,True,20250601231959-snapshot.jpg,image/jpg,,,
6204ce57-7a24-45b1-b397-bc6c5527041b,a9b7df9d-6ea7-4b5f-bc38-e96025eaa089,,2025-06-12T02:00:00+00:00,https://anon.erda.au.dk/share_redirect/DSWDMAO70L/ias/2025/denmark/DK3/20250612020000-snapshot.jpg,True,20250612020000-snapshot.jpg,image/jpg,,,
62ec8047-2a25-492b-82c1-c6fb9eec4803,a9b7df9d-6ea7-4b5f-bc38-e96025eaa089,,2025-05-20T23:59:59+00:00,https://anon.erda.au.dk/share_redirect/DSWDMAO70L/ias/2025/denmark/DK3/20250520235959-snapshot.jpg,True,20250520235959-snapshot.jpg,image/jpg,,,
639c7010-25c2-4ae6-be50-cc6052696694,a9b7df9d-6ea7-4b5f-bc38-e96025eaa089,,2025-06-13T02:49:59+00:00,https://anon.erda.au.dk/share_redirect/DSWDMAO70L/ias/2025/denmark/DK3/20250613024959-snapshot.jpg,True,20250613024959-snapshot.jpg,image/jpg,,,
641732ee-25ae-4e06-9f21-1fa701b5bfe6,a9b7df9d-6ea7-4b5f-bc38-e96025eaa089,,2025-06-11T23:30:00+00:00,https://anon.erda.au.dk/share_redirect/DSWDMAO70L/ias/2025/denmark/DK3/20250611233000-snapshot.jpg,True,20250611233000-snapshot.jpg,image/jpg,,,
6538d055-634c-4a56-8f38-587d9bec5cbc,a9b7df9d-6ea7-4b5f-bc38-e96025eaa089,,2025-05-21T00:49:59+00:00,https://anon.erda.au.dk/share_redirect/DSWDMAO70L/ias/2025/denmark/DK3/20250521004959-snapshot.jpg,True,20250521004959-snapshot.jpg,image/jpg,,,
6733218f-5f56-4795-bfbf-c12c911f9669,a9b7df9d-6ea7-4b5f-bc38-e96025eaa089,,2025-05-23T01:49:59+00:00,https://anon.erda.au.dk/share_redirect/DSWDMAO70L/ias/2025/denmark/DK3/20250523014959-snapshot.jpg,True,20250523014959-snapshot.jpg,image/jpg,,,
673826f1-5b18-427c-b9ee-55a81de5438a,a9b7df9d-6ea7-4b5f-bc38-e96025eaa089,,2025-06-13T02:59:59+00:00,https://anon.erda.au.dk/share_redirect/DSWDMAO70L/ias/2025/denmark/DK3/20250613025959-snapshot.jpg,True,20250613025959-snapshot.jpg,image/jpg,,,
6bbeb6f8-0a2e-42b2-a75f-ccbb44ba00dd,a9b7df9d-6ea7-4b5f-bc38-e96025eaa089,,2025-05-24T01:09:59+00:00,https://anon.erda.au.dk/share_redirect/DSWDMAO70L/ias/2025/denmark/DK3/20250524010959-snapshot.jpg,True,20250524010959-snapshot.jpg,image/jpg,,,
6de6782f-1653-4303-ad35-a4af48680ca6,a9b7df9d-6ea7-4b5f-bc38-e96025eaa089,,2025-06-02T23:20:00+00:00,https://anon.erda.au.dk/share_redirect/DSWDMAO70L/ias/2025/denmark/DK3/20250602232000-snapshot.jpg,True,20250602232000-snapshot.jpg,image/jpg,,,
6e9117ba-0cc3-4e81-a90d-d3cb5721caa1,a9b7df9d-6ea7-4b5f-bc38-e96025eaa089,,2025-05-24T00:49:59+00:00,https://anon.erda.au.dk/share_redirect/DSWDMAO70L/ias/2025/denmark/DK3/20250524004959-snapshot.jpg,True,20250524004959-snapshot.jpg,image/jpg,,,
705b9c59-42c9-478c-8769-9964604caaa8,a9b7df9d-6ea7-4b5f-bc38-e96025eaa089,,2025-06-03T01:40:00+00:00,https://anon.erda.au.dk/share_redirect/DSWDMAO70L/ias/2025/denmark/DK3/20250603014000-snapshot.jpg,True,20250603014000-snapshot.jpg,image/jpg,,,
70deb1e1-a518-41f6-8d96-5b1394af1f8e,a9b7df9d-6ea7-4b5f-bc38-e96025eaa089,,2025-05-21T01:19:59+00:00,https://anon.erda.au.dk/share_redirect/DSWDMAO70L/ias/2025/denmark/DK3/20250521011959-snapshot.jpg,True,20250521011959-snapshot.jpg,image/jpg,,,
7323e437-6a13-409f-b347-8c2840b10791,a9b7df9d-6ea7-4b5f-bc38-e96025eaa089,,2025-05-25T23:39:59+00:00,https://anon.erda.au.dk/share_redirect/DSWDMAO70L/ias/2025/denmark/DK3/20250525233959-snapshot.jpg,True,20250525233959-snapshot.jpg,image/jpg,,,
74d1f83a-90fe-4d36-9123-f8d59be3c0c4,a9b7df9d-6ea7-4b5f-bc38-e96025eaa089,,2025-05-25T23:59:59+00:00,https://anon.erda.au.dk/share_redirect/DSWDMAO70L/ias/2025/denmark/DK3/20250525235959-snapshot.jpg,True,20250525235959-snapshot.jpg,image/jpg,,,
768053c2-759c-4f20-a95b-eed9d10254b4,a9b7df9d-6ea7-4b5f-bc38-e96025eaa089,,2025-05-25T02:40:00+00:00,https://anon.erda.au.dk/share_redirect/DSWDMAO70L/ias/2025/denmark/DK3/20250525024000-snapshot.jpg,True,20250525024000-snapshot.jpg,image/jpg,,,
76ac05fc-e84b-4162-a708-afe8f364ddb6,a9b7df9d-6ea7-4b5f-bc38-e96025eaa089,,2025-05-21T02:19:59+00:00,https://anon.erda.au.dk/share_redirect/DSWDMAO70L/ias/2025/denmark/DK3/20250521021959-snapshot.jpg,True,20250521021959-snapshot.jpg,image/jpg,,,
7708e3a7-6f74-4f04-95b2-83ed808d8173,a9b7df9d-6ea7-4b5f-bc38-e96025eaa089,,2025-05-22T02:59:59+00:00,https://anon.erda.au.dk/share_redirect/DSWDMAO70L/ias/2025/denmark/DK3/20250522025959-snapshot.jpg,True,20250522025959-snapshot.jpg,image/jpg,,,
77230846-c472-4669-ae32-757a4843cf09,a9b7df9d-6ea7-4b5f-bc38-e96025eaa089,,2025-05-24T02:09:59+00:00,https://anon.erda.au.dk/share_redirect/DSWDMAO70L/ias/2025/denmark/DK3/20250524020959-snapshot.jpg,True,20250524020959-snapshot.jpg,image/jpg,,,
7957a722-823d-4d4c-811c-b66d02948ec6,a9b7df9d-6ea7-4b5f-bc38-e96025eaa089,,2025-05-22T01:29:59+00:00,https://anon.erda.au.dk/share_redirect/DSWDMAO70L/ias/2025/denmark/DK3/20250522012959-snapshot.jpg,True,20250522012959-snapshot.jpg,image/jpg,,,
79a8e0d8-4db7-447b-b9e8-7fd6e4dc26b8,a9b7df9d-6ea7-4b5f-bc38-e96025eaa089,,2025-06-13T02:09:59+00:00,https://anon.erda.au.dk/share_redirect/DSWDMAO70L/ias/2025/denmark/DK3/20250613020959-snapshot.jpg,True,20250613020959-snapshot.jpg,image/jpg,,,
7b2f7479-77d6-4569-b883-8455af8e05ef,a9b7df9d-6ea7-4b5f-bc38-e96025eaa089,,2025-05-26T00:19:59+00:00,https://anon.erda.au.dk/share_redirect/DSWDMAO70L/ias/2025/denmark/DK3/20250526001959-snapshot.jpg,True,20250526001959-snapshot.jpg,image/jpg,,,
7f4f9f3c-e676-4a02-a53f-b0dbb1447b96,a9b7df9d-6ea7-4b5f-bc38-e96025eaa089,,2025-05-20T23:39:59+00:00,https://anon.erda.au.dk/share_redirect/DSWDMAO70L/ias/2025/denmark/DK3/20250520233959-snapshot.jpg,True,20250520233959-snapshot.jpg,image/jpg,,,
80099227-7ebb-450a-a20c-d9f5dc4a957c,a9b7df9d-6ea7-4b5f-bc38-e96025eaa089,,2025-05-21T02:49:59+00:00,https://anon.erda.au.dk/share_redirect/DSWDMAO70L/ias/2025/denmark/DK3/20250521024959-snapshot.jpg,True,20250521024959-snapshot.jpg,image/jpg,,,
80de1261-26aa-4944-bf41-db85060d7093,a9b7df9d-6ea7-4b5f-bc38-e96025eaa089,,2025-05-24T02:19:59+00:00,https://anon.erda.au.dk/share_redirect/DSWDMAO70L/ias/2025/denmark/DK3/20250524021959-snapshot.jpg,True,20250524021959-snapshot.jpg,image/jpg,,,
817d4198-52a5-4929-a8c1-32638e6a6f55,a9b7df9d-6ea7-4b5f-bc38-e96025eaa089,,2025-06-02T23:30:00+00:00,https://anon.erda.au.dk/share_redirect/DSWDMAO70L/ias/2025/denmark/DK3/20250602233000-snapshot.jpg,True,20250602233000-snapshot.jpg,image/jpg,,,
8439d5f2-c544-4471-83b8-0e6942498f3f,a9b7df9d-6ea7-4b5f-bc38-e96025eaa089,,2025-05-31T23:50:00+00:00,https://anon.erda.au.dk/share_redirect/DSWDMAO70L/ias/2025/denmark/DK3/20250531235000-snapshot.jpg,True,20250531235000-snapshot.jpg,image/jpg,,,
84437ffa-6b16-413a-9925-1d9376af5291,a9b7df9d-6ea7-4b5f-bc38-e96025eaa089,,2025-06-01T23:29:59+00:00,https://anon.erda.au.dk/share_redirect/DSWDMAO70L/ias/2025/denmark/DK3/20250601232959-snapshot.jpg,True,20250601232959-snapshot.jpg,image/jpg,,,
8447e075-6582-486b-a7c3-92e185f8a33a,a9b7df9d-6ea7-4b5f-bc38-e96025eaa089,,2025-05-26T00:09:59+00:00,https://anon.erda.au.dk/share_redirect/DSWDMAO70L/ias/2025/denmark/DK3/20250526000959-snapshot.jpg,True,20250526000959-snapshot.jpg,image/jpg,,,
859a6b01-c8f6-4454-baa7-a1e21b5eeb0d,a9b7df9d-6ea7-4b5f-bc38-e96025eaa089,,2025-06-01T23:39:59+00:00,https://anon.erda.au.dk/share_redirect/DSWDMAO70L/ias/2025/denmark/DK3/20250601233959-snapshot.jpg,True,20250601233959-snapshot.jpg,image/jpg,,,
8653b090-9d2a-4b9d-8df5-08e820841326,a9b7df9d-6ea7-4b5f-bc38-e96025eaa089,,2025-06-01T02:00:00+00:00,https://anon.erda.au.dk/share_redirect/DSWDMAO70L/ias/2025/denmark/DK3/20250601020000-snapshot.jpg,True,20250601020000-snapshot.jpg,image/jpg,,,
86db2ce1-aefd-40da-a7c2-9124a5bf6cbc,a9b7df9d-6ea7-4b5f-bc38-e96025eaa089,,2025-05-21T23:19:59+00:00,https://anon.erda.au.dk/share_redirect/DSWDMAO70L/ias/2025/denmark/DK3/20250521231959-snapshot.jpg,True,20250521231959-snapshot.jpg,image/jpg,,,
875ea5b6-b41a-4c9c-9be2-b162f9ad29e3,a9b7df9d-6ea7-4b5f-bc38-e96025eaa089,,2025-06-03T00:20:00+00:00,https://anon.erda.au.dk/share_redirect/DSWDMAO70L/ias/2025/denmark/DK3/20250603002000-snapshot.jpg,True,20250603002000-snapshot.jpg,image/jpg,,,
8a923e5d-653a-4a95-93bc-4f6beaa9a578,a9b7df9d-6ea7-4b5f-bc38-e96025eaa089,,2025-05-22T01:49:59+00:00,https://anon.erda.au.dk/share_redirect/DSWDMAO70L/ias/2025/denmark/DK3/20250522014959-snapshot.jpg,True,20250522014959-snapshot.jpg,image/jpg,,,
8b124b6a-0df7-4fe5-a214-4b6c8efd9ffe,a9b7df9d-6ea7-4b5f-bc38-e96025eaa089,,2025-06-12T02:10:00+00:00,https://anon.erda.au.dk/share_redirect/DSWDMAO70L/ias/2025/denmark/DK3/20250612021000-snapshot.jpg,True,20250612021000-snapshot.jpg,image/jpg,,,
8fd350a5-ad68-442c-b3c5-650c10f7168c,a9b7df9d-6ea7-4b5f-bc38-e96025eaa089,,2025-06-13T02:19:59+00:00,https://anon.erda.au.dk/share_redirect/DSWDMAO70L/ias/2025/denmark/DK3/20250613021959-snapshot.jpg,True,20250613021959-snapshot.jpg,image/jpg,,,
905e0f3b-ab57-4a85-b2af-4ef7303f100c,a9b7df9d-6ea7-4b5f-bc38-e96025eaa089,,2025-06-13T23:49:59+00:00,https://anon.erda.au.dk/share_redirect/DSWDMAO70L/ias/2025/denmark/DK3/20250613234959-snapshot.jpg,True,20250613234959-snapshot.jpg,image/jpg,,,
92670076-2f25-43bb-8a29-016284fdb2a6,a9b7df9d-6ea7-4b5f-bc38-e96025eaa089,,2025-06-13T01:29:59+00:00,https://anon.erda.au.dk/share_redirect/DSWDMAO70L/ias/2025/denmark/DK3/20250613012959-snapshot.jpg,True,20250613012959-snapshot.jpg,image/jpg,,,
950b3489-cd51-4ef5-842f-aa999583c2ce,a9b7df9d-6ea7-4b5f-bc38-e96025eaa089,,2025-06-02T01:39:59+00:00,https://anon.erda.au.dk/share_redirect/DSWDMAO70L/ias/2025/denmark/DK3/20250602013959-snapshot.jpg,True,20250602013959-snapshot.jpg,image/jpg,,,
95a39907-eb1d-49c5-aa32-8b7110c056b6,a9b7df9d-6ea7-4b5f-bc38-e96025eaa089,,2025-06-13T23:59:59+00:00,https://anon.erda.au.dk/share_redirect/DSWDMAO70L/ias/2025/denmark/DK3/20250613235959-snapshot.jpg,True,20250613235959-snapshot.jpg,image/jpg,,,
96dbedb5-9811-4aa6-9707-3a0fae0f40a9,a9b7df9d-6ea7-4b5f-bc38-e96025eaa089,,2025-05-22T23:09:59+00:00,https://anon.erda.au.dk/share_redirect/DSWDMAO70L/ias/2025/denmark/DK3/20250522230959-snapshot.jpg,True,20250522230959-snapshot.jpg,image/jpg,,,
96e28e41-6b8b-4443-968f-2b8cec571c41,a9b7df9d-6ea7-4b5f-bc38-e96025eaa089,,2025-05-24T00:19:59+00:00,https://anon.erda.au.dk/share_redirect/DSWDMAO70L/ias/2025/denmark/DK3/20250524001959-snapshot.jpg,True,20250524001959-snapshot.jpg,image/jpg,,,
99399b6c-4ab9-48dd-a234-6983bef9bcff,a9b7df9d-6ea7-4b5f-bc38-e96025eaa089,,2025-05-21T23:59:59+00:00,https://anon.erda.au.dk/share_redirect/DSWDMAO70L/ias/2025/denmark/DK3/20250521235959-snapshot.jpg,True,20250521235959-snapshot.jpg,image/jpg,,,
99c4282c-75cf-4456-9e79-68558ba988b2,a9b7df9d-6ea7-4b5f-bc38-e96025eaa089,,2025-05-21T02:29:59+00:00,https://anon.erda.au.dk/share_redirect/DSWDMAO70L/ias/2025/denmark/DK3/20250521022959-snapshot.jpg,True,20250521022959-snapshot.jpg,image/jpg,,,
99ff5063-a62e-45ff-8253-119b04f0b6a6,a9b7df9d-6ea7-4b5f-bc38-e96025eaa089,,2025-05-21T23:29:59+00:00,https://anon.erda.au.dk/share_redirect/DSWDMAO70L/ias/2025/denmark/DK3/20250521232959-snapshot.jpg,True,20250521232959-snapshot.jpg,image/jpg,,,
9ad642a1-7327-4044-8dd1-9d79a452e2f2,a9b7df9d-6ea7-4b5f-bc38-e96025eaa089,,2025-06-13T02:39:59+00:00,https://anon.erda.au.dk/share_redirect/DSWDMAO70L/ias/2025/denmark/DK3/20250613023959-snapshot.jpg,True,20250613023959-snapshot.jpg,image/jpg,,,
9adec42c-f2b6-452f-9f50-f36691d5cb0e,a9b7df9d-6ea7-4b5f-bc38-e96025eaa089,,2025-06-12T00:50:00+00:00,https://anon.erda.au.dk/share_redirect/DSWDMAO70L/ias/2025/denmark/DK3/20250612005000-snapshot.jpg,True,20250612005000-snapshot.jpg,image/jpg,,,
9d892517-e88b-4ed1-9946-71e71ced9aaa,a9b7df9d-6ea7-4b5f-bc38-e96025eaa089,,2025-06-12T00:10:00+00:00,https://anon.erda.au.dk/share_redirect/DSWDMAO70L/ias/2025/denmark/DK3/20250612001000-snapshot.jpg,True,20250612001000-snapshot.jpg,image/jpg,,,
9fb2893b-3dc5-46fd-9c83-7857259de4aa,a9b7df9d-6ea7-4b5f-bc38-e96025eaa089,,2025-05-25T02:50:00+00:00,https://anon.erda.au.dk/share_redirect/DSWDMAO70L/ias/2025/denmark/DK3/20250525025000-snapshot.jpg,True,20250525025000-snapshot.jpg,image/jpg,,,
a168e67c-5d16-4b2c-8cb9-1221f779afc7,a9b7df9d-6ea7-4b5f-bc38-e96025eaa089,,2025-05-22T02:09:59+00:00,https://anon.erda.au.dk/share_redirect/DSWDMAO70L/ias/2025/denmark/DK3/20250522020959-snapshot.jpg,True,20250522020959-snapshot.jpg,image/jpg,,,
a2a3c5eb-2bc9-4a2d-b131-d6860c3267b9,a9b7df9d-6ea7-4b5f-bc38-e96025eaa089,,2025-06-03T01:10:00+00:00,https://anon.erda.au.dk/share_redirect/DSWDMAO70L/ias/2025/denmark/DK3/20250603011000-snapshot.jpg,True,20250603011000-snapshot.jpg,image/jpg,,,
a437356a-286a-4333-b041-b7e552d40e0d,a9b7df9d-6ea7-4b5f-bc38-e96025eaa089,,2025-05-22T23:29:59+00:00,https://anon.erda.au.dk/share_redirect/DSWDMAO70L/ias/2025/denmark/DK3/20250522232959-snapshot.jpg,True,20250522232959-snapshot.jpg,image/jpg,,,
a4c15fe8-2d3e-419f-867a-5454dc60ae82,a9b7df9d-6ea7-4b5f-bc38-e96025eaa089,,2025-05-25T01:20:00+00:00,https://anon.erda.au.dk/share_redirect/DSWDMAO70L/ias/2025/denmark/DK3/20250525012000-snapshot.jpg,True,20250525012000-snapshot.jpg,image/jpg,,,
a5057549-4f12-4123-98f5-1f192371948f,a9b7df9d-6ea7-4b5f-bc38-e96025eaa089,,2025-05-20T02:49:59+00:00,https://anon.erda.au.dk/share_redirect/DSWDMAO70L/ias/2025/denmark/DK3/20250520024959-snapshot.jpg,True,20250520024959-snapshot.jpg,image/jpg,,,
a58444b6-41b2-4a1f-b8d7-45be74741c6c,a9b7df9d-6ea7-4b5f-bc38-e96025eaa089,,2025-06-13T23:29:59+00:00,https://anon.erda.au.dk/share_redirect/DSWDMAO70L/ias/2025/denmark/DK3/20250613232959-snapshot.jpg,True,20250613232959-snapshot.jpg,image/jpg,,,
a68856b5-f481-4398-9620-cc4198de845b,a9b7df9d-6ea7-4b5f-bc38-e96025eaa089,,2025-06-03T00:50:00+00:00,https://anon.erda.au.dk/share_redirect/DSWDMAO70L/ias/2025/denmark/DK3/20250603005000-snapshot.jpg,True,20250603005000-snapshot.jpg,image/jpg,,,
a8913f1e-7b0b-4b4d-a1c3-9cf5c93eb264,a9b7df9d-6ea7-4b5f-bc38-e96025eaa089,,2025-05-24T01:19:59+00:00,https://anon.erda.au.dk/share_redirect/DSWDMAO70L/ias/2025/denmark/DK3/20250524011959-snapshot.jpg,True,20250524011959-snapshot.jpg,image/jpg,,,
ab47af28-bee8-45ee-8e7d-0a5c2972056e,a9b7df9d-6ea7-4b5f-bc38-e96025eaa089,,2025-05-22T01:09:59+00:00,https://anon.erda.au.dk/share_redirect/DSWDMAO70L/ias/2025/denmark/DK3/20250522010959-snapshot.jpg,True,20250522010959-snapshot.jpg,image/jpg,,,
acd1c946-3d88-4d6d-a60c-f7a9185ad6ff,a9b7df9d-6ea7-4b5f-bc38-e96025eaa089,,2025-06-01T00:50:00+00:00,https://anon.erda.au.dk/share_redirect/DSWDMAO70L/ias/2025/denmark/DK3/20250601005000-snapshot.jpg,True,20250601005000-snapshot.jpg,image/jpg,,,
af877892-6123-4808-96c4-b6a1e7508372,a9b7df9d-6ea7-4b5f-bc38-e96025eaa089,,2025-06-02T00:59:59+00:00,https://anon.erda.au.dk/share_redirect/DSWDMAO70L/ias/2025/denmark/DK3/20250602005959-snapshot.jpg,True,20250602005959-snapshot.jpg,image/jpg,,,
afe820f0-8413-4f6d-9978-0fa0a52b7fe8,a9b7df9d-6ea7-4b5f-bc38-e96025eaa089,,2025-05-24T01:39:59+00:00,https://anon.erda.au.dk/share_redirect/DSWDMAO70L/ias/2025/denmark/DK3/20250524013959-snapshot.jpg,True,20250524013959-snapshot.jpg,image/jpg,,,
aff122f3-d5e1-49b8-81bd-28f4af1bd7d2,a9b7df9d-6ea7-4b5f-bc38-e96025eaa089,,2025-06-03T00:30:00+00:00,https://anon.erda.au.dk/share_redirect/DSWDMAO70L/ias/2025/denmark/DK3/20250603003000-snapshot.jpg,True,20250603003000-snapshot.jpg,image/jpg,,,
b0fa5afb-5733-48a3-b073-62dbff7a53a2,a9b7df9d-6ea7-4b5f-bc38-e96025eaa089,,2025-06-13T23:09:59+00:00,https://anon.erda.au.dk/share_redirect/DSWDMAO70L/ias/2025/denmark/DK3/20250613230959-snapshot.jpg,True,20250613230959-snapshot.jpg,image/jpg,,,
b1773cf1-a85d-42aa-bc8c-b59f9bc7344b,a9b7df9d-6ea7-4b5f-bc38-e96025eaa089,,2025-06-13T01:09:59+00:00,https://anon.erda.au.dk/share_redirect/DSWDMAO70L/ias/2025/denmark/DK3/20250613010959-snapshot.jpg,True,20250613010959-snapshot.jpg,image/jpg,,,
b1d1e85b-62fd-4e68-839e-f12fd0db2ad8,a9b7df9d-6ea7-4b5f-bc38-e96025eaa089,,2025-06-12T23:39:59+00:00,https://anon.erda.au.dk/share_redirect/DSWDMAO70L/ias/2025/denmark/DK3/20250612233959-snapshot.jpg,True,20250612233959-snapshot.jpg,image/jpg,,,
b338d4d5-ed9e-413d-8b94-08526bbaa693,a9b7df9d-6ea7-4b5f-bc38-e96025eaa089,,2025-05-23T00:59:59+00:00,https://anon.erda.au.dk/share_redirect/DSWDMAO70L/ias/2025/denmark/DK3/20250523005959-snapshot.jpg,True,20250523005959-snapshot.jpg,image/jpg,,,
b3fa09c7-7c6d-48dd-bea7-dce42f1e99bd,a9b7df9d-6ea7-4b5f-bc38-e96025eaa089,,2025-05-25T01:40:00+00:00,https://anon.erda.au.dk/share_redirect/DSWDMAO70L/ias/2025/denmark/DK3/20250525014000-snapshot.jpg,True,20250525014000-snapshot.jpg,image/jpg,,,
b46320c5-727b-4161-946d-d6ca9f11c2d0,a9b7df9d-6ea7-4b5f-bc38-e96025eaa089,,2025-06-12T01:50:00+00:00,https://anon.erda.au.dk/share_redirect/DSWDMAO70L/ias/2025/denmark/DK3/20250612015000-snapshot.jpg,True,20250612015000-snapshot.jpg,image/jpg,,,
b586da2e-4944-4f3b-add7-d02bb5741a5a,a9b7df9d-6ea7-4b5f-bc38-e96025eaa089,,2025-05-23T23:49:59+00:00,https://anon.erda.au.dk/share_redirect/DSWDMAO70L/ias/2025/denmark/DK3/20250523234959-snapshot.jpg,True,20250523234959-snapshot.jpg,image/jpg,,,
b5afe7a6-2cfe-413c-a7d6-3d72002f18d9,a9b7df9d-6ea7-4b5f-bc38-e96025eaa089,,2025-06-01T00:00:00+00:00,https://anon.erda.au.dk/share_redirect/DSWDMAO70L/ias/2025/denmark/DK3/20250601000000-snapshot.jpg,True,20250601000000-snapshot.jpg,image/jpg,,,
b6bc3698-5cb7-4383-b397-6944bf1a2f16,a9b7df9d-6ea7-4b5f-bc38-e96025eaa089,,2025-05-25T00:30:00+00:00,https://anon.erda.au.dk/share_redirect/DSWDMAO70L/ias/2025/denmark/DK3/20250525003000-snapshot.jpg,True,20250525003000-snapshot.jpg,image/jpg,,,
b72c5139-0609-4bb8-9e11-81f36bcaa4d5,a9b7df9d-6ea7-4b5f-bc38-e96025eaa089,,2025-06-01T03:00:00+00:00,https://anon.erda.au.dk/share_redirect/DSWDMAO70L/ias/2025/denmark/DK3/20250601030000-snapshot.jpg,True,20250601030000-snapshot.jpg,image/jpg,,,
b7f92aa1-7bdd-413b-b6fa-d9390b41ac3d,a9b7df9d-6ea7-4b5f-bc38-e96025eaa089,,2025-05-21T23:39:59+00:00,https://anon.erda.au.dk/share_redirect/DSWDMAO70L/ias/2025/denmark/DK3/20250521233959-snapshot.jpg,True,20250521233959-snapshot.jpg,image/jpg,,,
b85826ec-d6cd-4000-ab95-3797efcb8630,a9b7df9d-6ea7-4b5f-bc38-e96025eaa089,,2025-06-03T01:20:00+00:00,https://anon.erda.au.dk/share_redirect/DSWDMAO70L/ias/2025/denmark/DK3/20250603012000-snapshot.jpg,True,20250603012000-snapshot.jpg,image/jpg,,,
b8e89098-55b1-4b6c-984e-9efe62bea18b,a9b7df9d-6ea7-4b5f-bc38-e96025eaa089,,2025-06-12T23:09:59+00:00,https://anon.erda.au.dk/share_redirect/DSWDMAO70L/ias/2025/denmark/DK3/20250612230959-snapshot.jpg,True,20250612230959-snapshot.jpg,image/jpg,,,
bb926ec8-8d26-4b3a-98f5-815386def4ed,a9b7df9d-6ea7-4b5f-bc38-e96025eaa089,,2025-05-20T23:29:59+00:00,https://anon.erda.au.dk/share_redirect/DSWDMAO70L/ias/2025/denmark/DK3/20250520232959-snapshot.jpg,True,20250520232959-snapshot.jpg,image/jpg,,,
bd730e5d-74c9-40f1-80f0-b1d8b1b2c247,a9b7df9d-6ea7-4b5f-bc38-e96025eaa089,,2025-06-02T02:09:59+00:00,https://anon.erda.au.dk/share_redirect/DSWDMAO70L/ias/2025/denmark/DK3/20250602020959-snapshot.jpg,True,20250602020959-snapshot.jpg,image/jpg,,,
bdd4c19b-6e5c-46a4-9e9b-017815aebac2,a9b7df9d-6ea7-4b5f-bc38-e96025eaa089,,2025-05-24T00:09:59+00:00,https://anon.erda.au.dk/share_redirect/DSWDMAO70L/ias/2025/denmark/DK3/20250524000959-snapshot.jpg,True,20250524000959-snapshot.jpg,image/jpg,,,
bef0b104-3ce8-4a41-876f-c5696d4a0e04,a9b7df9d-6ea7-4b5f-bc38-e96025eaa089,,2025-06-12T03:00:00+00:00,https://anon.erda.au.dk/share_redirect/DSWDMAO70L/ias/2025/denmark/DK3/20250612030000-snapshot.jpg,True,20250612030000-snapshot.jpg,image/jpg,,,
bf6c7542-a686-4b68-8fc8-ec5fbce71f5f,a9b7df9d-6ea7-4b5f-bc38-e96025eaa089,,2025-06-12T00:20:00+00:00,https://anon.erda.au.dk/share_redirect/DSWDMAO70L/ias/2025/denmark/DK3/20250612002000-snapshot.jpg,True,20250612002000-snapshot.jpg,image/jpg,,,
bfabda9f-2171-405d-b77c-961130653097,a9b7df9d-6ea7-4b5f-bc38-e96025eaa089,,2025-05-21T00:29:59+00:00,https://anon.erda.au.dk/share_redirect/DSWDMAO70L/ias/2025/denmark/DK3/20250521002959-snapshot.jpg,True,20250521002959-snapshot.jpg,image/jpg,,,
c07a0f63-0dca-4584-bbcd-2b3b35449a29,a9b7df9d-6ea7-4b5f-bc38-e96025eaa089,,2025-05-22T00:09:59+00:00,https://anon.erda.au.dk/share_redirect/DSWDMAO70L/ias/2025/denmark/DK3/20250522000959-snapshot.jpg,True,20250522000959-snapshot.jpg,image/jpg,,,
c28fc349-36c6-4640-b81f-eec234c71064,a9b7df9d-6ea7-4b5f-bc38-e96025eaa089,,2025-06-01T02:30:00+00:00,https://anon.erda.au.dk/share_redirect/DSWDMAO70L/ias/2025/denmark/DK3/20250601023000-snapshot.jpg,True,20250601023000-snapshot.jpg,image/jpg,,,
c46a0590-362c-41d3-9426-84a4b1663f2f,a9b7df9d-6ea7-4b5f-bc38-e96025eaa089,,2025-06-13T00:29:59+00:00,https://anon.erda.au.dk/share_redirect/DSWDMAO70L/ias/2025/denmark/DK3/20250613002959-snapshot.jpg,True,20250613002959-snapshot.jpg,image/jpg,,,
c4fdcbd2-bd62-48c4-80aa-227953a5c77c,a9b7df9d-6ea7-4b5f-bc38-e96025eaa089,,2025-05-23T01:39:59+00:00,https://anon.erda.au.dk/share_redirect/DSWDMAO70L/ias/2025/denmark/DK3/20250523013959-snapshot.jpg,True,20250523013959-snapshot.jpg,image/jpg,,,
c576a6d7-b127-4983-b942-47d33df37bce,a9b7df9d-6ea7-4b5f-bc38-e96025eaa089,,2025-05-25T01:30:00+00:00,https://anon.erda.au.dk/share_redirect/DSWDMAO70L/ias/2025/denmark/DK3/20250525013000-snapshot.jpg,True,20250525013000-snapshot.jpg,image/jpg,,,
c6e4db6f-d8b6-40a6-acfd-eaf76a81338e,a9b7df9d-6ea7-4b5f-bc38-e96025eaa089,,2025-06-02T01:19:59+00:00,https://anon.erda.au.dk/share_redirect/DSWDMAO70L/ias/2025/denmark/DK3/20250602011959-snapshot.jpg,True,20250602011959-snapshot.jpg,image/jpg,,,
c7df8292-51fc-4964-92ff-f6917fd94e1f,a9b7df9d-6ea7-4b5f-bc38-e96025eaa089,,2025-05-26T00:59:59+00:00,https://anon.erda.au.dk/share_redirect/DSWDMAO70L/ias/2025/denmark/DK3/20250526005959-snapshot.jpg,True,20250526005959-snapshot.jpg,image/jpg,,,
c880e485-189b-4168-9a9e-442929e63c6a,a9b7df9d-6ea7-4b5f-bc38-e96025eaa089,,2025-05-25T01:10:00+00:00,https://anon.erda.au.dk/share_redirect/DSWDMAO70L/ias/2025/denmark/DK3/20250525011000-snapshot.jpg,True,20250525011000-snapshot.jpg,image/jpg,,,
c8f15e51-4dcd-465b-a628-708ea08422fd,a9b7df9d-6ea7-4b5f-bc38-e96025eaa089,,2025-05-24T01:59:59+00:00,https://anon.erda.au.dk/share_redirect/DSWDMAO70L/ias/2025/denmark/DK3/20250524015959-snapshot.jpg,True,20250524015959-snapshot.jpg,image/jpg,,,
cc8aa0dd-ff01-43f7-85a0-5391b55fb62a,a9b7df9d-6ea7-4b5f-bc38-e96025eaa089,,2025-06-02T00:49:59+00:00,https://anon.erda.au.dk/share_redirect/DSWDMAO70L/ias/2025/denmark/DK3/20250602004959-snapshot.jpg,True,20250602004959-snapshot.jpg,image/jpg,,,
ccfd3530-c6dc-4a9e-9631-48657da5a0ef,a9b7df9d-6ea7-4b5f-bc38-e96025eaa089,,2025-05-20T02:59:59+00:00,https://anon.erda.au.dk/share_redirect/DSWDMAO70L/ias/2025/denmark/DK3/20250520025959-snapshot.jpg,True,20250520025959-snapshot.jpg,image/jpg,,,
cea58712-864b-4553-af17-84b0bef7c78f,a9b7df9d-6ea7-4b5f-bc38-e96025eaa089,,2025-06-14T02:19:59+00:00,https://anon.erda.au.dk/share_redirect/DSWDMAO70L/ias/2025/denmark/DK3/20250614021959-snapshot.jpg,True,20250614021959-snapshot.jpg,image/jpg,,,
d2955802-691d-4978-a4f4-87fa548c950f,a9b7df9d-6ea7-4b5f-bc38-e96025eaa089,,2025-05-21T02:59:59+00:00,https://anon.erda.au.dk/share_redirect/DSWDMAO70L/ias/2025/denmark/DK3/20250521025959-snapshot.jpg,True,20250521025959-snapshot.jpg,image/jpg,,,
d296c27f-2c28-4ae2-bbea-131435371027,a9b7df9d-6ea7-4b5f-bc38-e96025eaa089,,2025-05-25T02:10:00+00:00,https://anon.erda.au.dk/share_redirect/DSWDMAO70L/ias/2025/denmark/DK3/20250525021000-snapshot.jpg,True,20250525021000-snapshot.jpg,image/jpg,,,
d2b8038b-410f-434a-901c-5dc1f0235eb6,a9b7df9d-6ea7-4b5f-bc38-e96025eaa089,,2025-05-23T01:59:59+00:00,https://anon.erda.au.dk/share_redirect/DSWDMAO70L/ias/2025/denmark/DK3/20250523015959-snapshot.jpg,True,20250523015959-snapshot.jpg,image/jpg,,,
d319a371-68ba-4279-bfcf-1883e27b6a43,a9b7df9d-6ea7-4b5f-bc38-e96025eaa089,,2025-06-13T00:59:59+00:00,https://anon.erda.au.dk/share_redirect/DSWDMAO70L/ias/2025/denmark/DK3/20250613005959-snapshot.jpg,True,20250613005959-snapshot.jpg,image/jpg,,,
d31ee310-bbe4-4561-8d52-70ed0787259c,a9b7df9d-6ea7-4b5f-bc38-e96025eaa089,,2025-05-22T00:59:59+00:00,https://anon.erda.au.dk/share_redirect/DSWDMAO70L/ias/2025/denmark/DK3/20250522005959-snapshot.jpg,True,20250522005959-snapshot.jpg,image/jpg,,,
d42557a3-e4d8-442b-816c-8bb40594a902,a9b7df9d-6ea7-4b5f-bc38-e96025eaa089,,2025-06-03T01:00:00+00:00,https://anon.erda.au.dk/share_redirect/DSWDMAO70L/ias/2025/denmark/DK3/20250603010000-snapshot.jpg,True,20250603010000-snapshot.jpg,image/jpg,,,
d6881aab-2c9c-428c-b7de-6831be5ab103,a9b7df9d-6ea7-4b5f-bc38-e96025eaa089,,2025-06-02T01:29:59+00:00,https://anon.erda.au.dk/share_redirect/DSWDMAO70L/ias/2025/denmark/DK3/20250602012959-snapshot.jpg,True,20250602012959-snapshot.jpg,image/jpg,,,
d6e35407-ec24-4e6c-8566-76bb9abfbdae,a9b7df9d-6ea7-4b5f-bc38-e96025eaa089,,2025-06-01T02:10:00+00:00,https://anon.erda.au.dk/share_redirect/DSWDMAO70L/ias/2025/denmark/DK3/20250601021000-snapshot.jpg,True,20250601021000-snapshot.jpg,image/jpg,,,
d89c8158-a32e-4bb5-a1e7-41c4f5af32b5,a9b7df9d-6ea7-4b5f-bc38-e96025eaa089,,2025-05-24T02:39:59+00:00,https://anon.erda.au.dk/share_redirect/DSWDMAO70L/ias/2025/denmark/DK3/20250524023959-snapshot.jpg,True,20250524023959-snapshot.jpg,image/jpg,,,
d9ce8ab2-a774-4828-80d0-66d5f6cd35a3,a9b7df9d-6ea7-4b5f-bc38-e96025eaa089,,2025-05-21T00:39:59+00:00,https://anon.erda.au.dk/share_redirect/DSWDMAO70L/ias/2025/denmark/DK3/20250521003959-snapshot.jpg,True,20250521003959-snapshot.jpg,image/jpg,,,
da34028b-1d8a-4a5e-b321-52c2823013d4,a9b7df9d-6ea7-4b5f-bc38-e96025eaa089,,2025-05-20T02:39:59+00:00,https://anon.erda.au.dk/share_redirect/DSWDMAO70L/ias/2025/denmark/DK3/20250520023959-snapshot.jpg,True,20250520023959-snapshot.jpg,image/jpg,,,
da497fa9-3176-4ef1-bf5c-87a7ac1c5c64,a9b7df9d-6ea7-4b5f-bc38-e96025eaa089,,2025-06-14T00:19:59+00:00,https://anon.erda.au.dk/share_redirect/DSWDMAO70L/ias/2025/denmark/DK3/20250614001959-snapshot.jpg,True,20250614001959-snapshot.jpg,image/jpg,,,
da7feeee-98a4-4ee1-ba41-210783c67a96,a9b7df9d-6ea7-4b5f-bc38-e96025eaa089,,2025-06-02T23:40:00+00:00,https://anon.erda.au.dk/share_redirect/DSWDMAO70L/ias/2025/denmark/DK3/20250602234000-snapshot.jpg,True,20250602234000-snapshot.jpg,image/jpg,,,
dab2fb3b-7424-43bb-a370-3ef967bc6e97,a9b7df9d-6ea7-4b5f-bc38-e96025eaa089,,2025-06-14T01:09:59+00:00,https://anon.erda.au.dk/share_redirect/DSWDMAO70L/ias/2025/denmark/DK3/20250614010959-snapshot.jpg,True,20250614010959-snapshot.jpg,image/jpg,,,
dbd32fbd-8260-4a01-804d-fe587109641f,a9b7df9d-6ea7-4b5f-bc38-e96025eaa089,,2025-06-14T00:59:59+00:00,https://anon.erda.au.dk/share_redirect/DSWDMAO70L/ias/2025/denmark/DK3/20250614005959-snapshot.jpg,True,20250614005959-snapshot.jpg,image/jpg,,,
dc969f20-0cae-4e1b-9215-eac425ce2aa8,a9b7df9d-6ea7-4b5f-bc38-e96025eaa089,,2025-06-01T02:40:00+00:00,https://anon.erda.au.dk/share_redirect/DSWDMAO70L/ias/2025/denmark/DK3/20250601024000-snapshot.jpg,True,20250601024000-snapshot.jpg,image/jpg,,,
dd15ad30-4885-4433-abf3-275e37c9e19d,a9b7df9d-6ea7-4b5f-bc38-e96025eaa089,,2025-05-24T01:49:59+00:00,https://anon.erda.au.dk/share_redirect/DSWDMAO70L/ias/2025/denmark/DK3/20250524014959-snapshot.jpg,True,20250524014959-snapshot.jpg,image/jpg,,,
de93606c-677f-4e98-b413-bf1a6b120b4b,a9b7df9d-6ea7-4b5f-bc38-e96025eaa089,,2025-05-25T00:40:00+00:00,https://anon.erda.au.dk/share_redirect/DSWDMAO70L/ias/2025/denmark/DK3/20250525004000-snapshot.jpg,True,20250525004000-snapshot.jpg,image/jpg,,,
de956d7a-4166-48c6-af3c-33a7abdc6d1b,a9b7df9d-6ea7-4b5f-bc38-e96025eaa089,,2025-05-24T00:59:59+00:00,https://anon.erda.au.dk/share_redirect/DSWDMAO70L/ias/2025/denmark/DK3/20250524005959-snapshot.jpg,True,20250524005959-snapshot.jpg,image/jpg,,,
deb362cf-922c-4205-b428-193bb627d048,a9b7df9d-6ea7-4b5f-bc38-e96025eaa089,,2025-06-12T02:20:00+00:00,https://anon.erda.au.dk/share_redirect/DSWDMAO70L/ias/2025/denmark/DK3/20250612022000-snapshot.jpg,True,20250612022000-snapshot.jpg,image/jpg,,,
e115bf1c-583a-477f-838a-eb40e61f6cf7,a9b7df9d-6ea7-4b5f-bc38-e96025eaa089,,2025-05-23T01:29:59+00:00,https://anon.erda.au.dk/share_redirect/DSWDMAO70L/ias/2025/denmark/DK3/20250523012959-snapshot.jpg,True,20250523012959-snapshot.jpg,image/jpg,,,
e2b01737-da1d-430a-818b-32911dd9dab5,a9b7df9d-6ea7-4b5f-bc38-e96025eaa089,,2025-05-21T00:09:59+00:00,https://anon.erda.au.dk/share_redirect/DSWDMAO70L/ias/2025/denmark/DK3/20250521000959-snapshot.jpg,True,20250521000959-snapshot.jpg,image/jpg,,,
e4b46d2c-d067-4181-8c58-9f1e164973be,a9b7df9d-6ea7-4b5f-bc38-e96025eaa089,,2025-05-24T00:29:59+00:00,https://anon.erda.au.dk/share_redirect/DSWDMAO70L/ias/2025/denmark/DK3/20250524002959-snapshot.jpg,True,20250524002959-snapshot.jpg,image/jpg,,,
e5bef60d-c4a2-441f-bb45-037fd5007366,a9b7df9d-6ea7-4b5f-bc38-e96025eaa089,,2025-05-23T01:09:59+00:00,https://anon.erda.au.dk/share_redirect/DSWDMAO70L/ias/2025/denmark/DK3/20250523010959-snapshot.jpg,True,20250523010959-snapshot.jpg,image/jpg,,,
e74f62b6-f86a-45c8-b632-95fcd13a00e7,a9b7df9d-6ea7-4b5f-bc38-e96025eaa089,,2025-06-01T23:49:59+00:00,https://anon.erda.au.dk/share_redirect/DSWDMAO70L/ias/2025/denmark/DK3/20250601234959-snapshot.jpg,True,20250601234959-snapshot.jpg,image/jpg,,,
e9f65094-1459-4b80-a9d2-990322259c3c,a9b7df9d-6ea7-4b5f-bc38-e96025eaa089,,2025-06-01T02:50:00+00:00,https://anon.erda.au.dk/share_redirect/DSWDMAO70L/ias/2025/denmark/DK3/20250601025000-snapshot.jpg,True,20250601025000-snapshot.jpg,image/jpg,,,
ea191375-9160-478b-a919-868c38f535e3,a9b7df9d-6ea7-4b5f-bc38-e96025eaa089,,2025-06-01T02:20:00+00:00,https://anon.erda.au.dk/share_redirect/DSWDMAO70L/ias/2025/denmark/DK3/20250601022000-snapshot.jpg,True,20250601022000-snapshot.jpg,image/jpg,,,
ea70d9b5-16d9-48c6-8efa-6bed4756aac0,a9b7df9d-6ea7-4b5f-bc38-e96025eaa089,,2025-05-24T23:50:00+00:00,https://anon.erda.au.dk/share_redirect/DSWDMAO70L/ias/2025/denmark/DK3/20250524235000-snapshot.jpg,True,20250524235000-snapshot.jpg,image/jpg,,,
eab813fe-1a6c-4293-9495-1d9006b3763e,a9b7df9d-6ea7-4b5f-bc38-e96025eaa089,,2025-06-02T00:19:59+00:00,https://anon.erda.au.dk/share_redirect/DSWDMAO70L/ias/2025/denmark/DK3/20250602001959-snapshot.jpg,True,20250602001959-snapshot.jpg,image/jpg,,,
eb6d51a4-1858-479b-856b-417d329a8f71,a9b7df9d-6ea7-4b5f-bc38-e96025eaa089,,2025-06-01T23:59:59+00:00,https://anon.erda.au.dk/share_redirect/DSWDMAO70L/ias/2025/denmark/DK3/20250601235959-snapshot.jpg,True,20250601235959-snapshot.jpg,image/jpg,,,
ed10b3c7-2227-49d6-8107-87b0a9075ac5,a9b7df9d-6ea7-4b5f-bc38-e96025eaa089,,2025-06-13T00:19:59+00:00,https://anon.erda.au.dk/share_redirect/DSWDMAO70L/ias/2025/denmark/DK3/20250613001959-snapshot.jpg,True,20250613001959-snapshot.jpg,image/jpg,,,
ee1a47ae-c169-4e86-8a3b-c71a14a6bbff,a9b7df9d-6ea7-4b5f-bc38-e96025eaa089,,2025-05-23T02:49:59+00:00,https://anon.erda.au.dk/share_redirect/DSWDMAO70L/ias/2025/denmark/DK3/20250523024959-snapshot.jpg,True,20250523024959-snapshot.jpg,image/jpg,,,
ef6aa07a-e157-4fbf-9456-e78c56ccd084,a9b7df9d-6ea7-4b5f-bc38-e96025eaa089,,2025-06-13T01:59:59+00:00,https://anon.erda.au.dk/share_redirect/DSWDMAO70L/ias/2025/denmark/DK3/20250613015959-snapshot.jpg,True,20250613015959-snapshot.jpg,image/jpg,,,
f19ad43a-386d-4b05-b7d9-761ff26bf08e,a9b7df9d-6ea7-4b5f-bc38-e96025eaa089,,2025-05-25T03:00:00+00:00,https://anon.erda.au.dk/share_redirect/DSWDMAO70L/ias/2025/denmark/DK3/20250525030000-snapshot.jpg,True,20250525030000-snapshot.jpg,image/jpg,,,
f1afdcdf-719e-4e08-ae1f-8db658fe14b1,a9b7df9d-6ea7-4b5f-bc38-e96025eaa089,,2025-06-14T00:09:59+00:00,https://anon.erda.au.dk/share_redirect/DSWDMAO70L/ias/2025/denmark/DK3/20250614000959-snapshot.jpg,True,20250614000959-snapshot.jpg,image/jpg,,,
f23ab7c4-d633-45b0-90c0-4fd0a56bd881,a9b7df9d-6ea7-4b5f-bc38-e96025eaa089,,2025-06-14T01:29:59+00:00,https://anon.erda.au.dk/share_redirect/DSWDMAO70L/ias/2025/denmark/DK3/20250614012959-snapshot.jpg,True,20250614012959-snapshot.jpg,image/jpg,,,
f6607682-85a4-4bab-b2fb-4915800fa707,a9b7df9d-6ea7-4b5f-bc38-e96025eaa089,,2025-05-24T02:29:59+00:00,https://anon.erda.au.dk/share_redirect/DSWDMAO70L/ias/2025/denmark/DK3/20250524022959-snapshot.jpg,True,20250524022959-snapshot.jpg,image/jpg,,,
f87810bd-1bda-4e96-9a1f-91e2c09fdad6,a9b7df9d-6ea7-4b5f-bc38-e96025eaa089,,2025-05-23T02:09:59+00:00,https://anon.erda.au.dk/share_redirect/DSWDMAO70L/ias/2025/denmark/DK3/20250523020959-snapshot.jpg,True,20250523020959-snapshot.jpg,image/jpg,,,
faf7dfed-7aeb-4acf-ad1a-96259c20686a,a9b7df9d-6ea7-4b5f-bc38-e96025eaa089,,2025-06-12T02:30:00+00:00,https://anon.erda.au.dk/share_redirect/DSWDMAO70L/ias/2025/denmark/DK3/20250612023000-snapshot.jpg,True,20250612023000-snapshot.jpg,image/jpg,,,
ff22a756-fc45-417f-8e7a-b728da52f965,a9b7df9d-6ea7-4b5f-bc38-e96025eaa089,,2025-06-01T01:00:00+00:00,https://anon.erda.au.dk/share_redirect/DSWDMAO70L/ias/2025/denmark/DK3/20250601010000-snapshot.jpg,True,20250601010000-snapshot.jpg,image/jpg,,,
ff7032bd-d436-4f14-aad1-92dae445e2bb,a9b7df9d-6ea7-4b5f-bc38-e96025eaa089,,2025-06-14T01:49:59+00:00,https://anon.erda.au.dk/share_redirect/DSWDMAO70L/ias/2025/denmark/DK3/20250614014959-snapshot.jpg,True,20250614014959-snapshot.jpg,image/jpg,,,
