mediaID,deploymentID,captureMethod,timestamp,filePath,fileName,fileMediatype,mediaComments
21b944e7-b0ed-4a4f-ae68-c4ff045d3ca7,DIOPSIS-231_Boer5_-_Controle_1,activityDetection,2025-06-04T18:35:22,camtrap-data/images/DIOPSIS-231_2025-06-04T20-35-22+02-00.jpg,DIOPSIS-231_2025-06-04T20-35-22+02-00.jpg,image/jpeg,
9c584454-300e-4ebc-99b3-56208eabc6a6,DIOPSIS-231_Boer5_-_Controle_1,activityDetection,2025-06-04T23:34:28,camtrap-data/images/DIOPSIS-231_2025-06-05T01-34-28+02-00.jpg,DIOPSIS-231_2025-06-05T01-34-28+02-00.jpg,image/jpeg,
567cd8d8-415b-41c9-b9f4-1035f0d326ee,DIOPSIS-231_Boer5_-_Controle_1,activityDetection,2025-06-06T20:52:54,camtrap-data/images/DIOPSIS-231_2025-06-06T22-52-54+02-00.jpg,DIOPSIS-231_2025-06-06T22-52-54+02-00.jpg,image/jpeg,
055225fd-afaf-4839-9023-b49776ae5706,DIOPSIS-231_Boer5_-_Controle_1,activityDetection,2025-06-06T21:12:27,camtrap-data/images/DIOPSIS-231_2025-06-06T23-12-27+02-00.jpg,DIOPSIS-231_2025-06-06T23-12-27+02-00.jpg,image/jpeg,
637d67bd-d072-4201-b917-bd800f1d39cc,DIOPSIS-231_Boer5_-_Controle_1,activityDetection,2025-06-06T22:27:33,camtrap-data/images/DIOPSIS-231_2025-06-07T00-27-33+02-00.jpg,DIOPSIS-231_2025-06-07T00-27-33+02-00.jpg,image/jpeg,
4adc9ef1-9693-4783-b96c-85f22b312d58,DIOPSIS-231_Boer5_-_Controle_1,activityDetection,2025-06-07T20:23:17,camtrap-data/images/DIOPSIS-231_2025-06-07T22-23-17+02-00.jpg,DIOPSIS-231_2025-06-07T22-23-17+02-00.jpg,image/jpeg,
5861cfad-ad91-459e-adaf-ee2c25835b32,DIOPSIS-231_Boer5_-_Controle_1,activityDetection,2025-06-08T19:35:08,camtrap-data/images/DIOPSIS-231_2025-06-08T21-35-08+02-00.jpg,DIOPSIS-231_2025-06-08T21-35-08+02-00.jpg,image/jpeg,
f60af766-7232-4a03-a85f-52ed33b5005a,DIOPSIS-231_Boer5_-_Controle_1,activityDetection,2025-06-09T08:23:47,camtrap-data/images/DIOPSIS-231_2025-06-09T10-23-47+02-00.jpg,DIOPSIS-231_2025-06-09T10-23-47+02-00.jpg,image/jpeg,
917255f3-beab-4615-8fa1-81b6ad8e66bf,DIOPSIS-231_Boer5_-_Controle_1,activityDetection,2025-06-09T08:28:38,camtrap-data/images/DIOPSIS-231_2025-06-09T10-28-38+02-00.jpg,DIOPSIS-231_2025-06-09T10-28-38+02-00.jpg,image/jpeg,
11ff6e07-1255-491a-839f-93ecab6eba8b,DIOPSIS-231_Boer5_-_Controle_1,activityDetection,2025-06-09T11:45:54,camtrap-data/images/DIOPSIS-231_2025-06-09T13-45-54+02-00.jpg,DIOPSIS-231_2025-06-09T13-45-54+02-00.jpg,image/jpeg,
a68f6dcb-b7bc-473e-93f1-271a7c6f9d61,DIOPSIS-231_Boer5_-_Controle_1,activityDetection,2025-06-09T12:01:13,camtrap-data/images/DIOPSIS-231_2025-06-09T14-01-13+02-00.jpg,DIOPSIS-231_2025-06-09T14-01-13+02-00.jpg,image/jpeg,
ca895dca-aed9-450d-9df1-b23e2f4e0edf,DIOPSIS-231_Boer5_-_Controle_1,activityDetection,2025-06-09T20:39:38,camtrap-data/images/DIOPSIS-231_2025-06-09T22-39-38+02-00.jpg,DIOPSIS-231_2025-06-09T22-39-38+02-00.jpg,image/jpeg,
c03286a7-c4fe-4cbb-baa5-ccb9c6574638,DIOPSIS-231_Boer5_-_Controle_1,activityDetection,2025-06-09T20:40:10,camtrap-data/images/DIOPSIS-231_2025-06-09T22-40-10+02-00.jpg,DIOPSIS-231_2025-06-09T22-40-10+02-00.jpg,image/jpeg,
2897ddef-ace1-4ff8-a963-5a11e46d67fd,DIOPSIS-231_Boer5_-_Controle_1,activityDetection,2025-06-09T23:34:26,camtrap-data/images/DIOPSIS-231_2025-06-10T01-34-26+02-00.jpg,DIOPSIS-231_2025-06-10T01-34-26+02-00.jpg,image/jpeg,
8d5939e4-eb16-4580-a6f2-da974bc59a3f,DIOPSIS-231_Boer5_-_Controle_1,activityDetection,2025-06-10T00:07:10,camtrap-data/images/DIOPSIS-231_2025-06-10T02-07-10+02-00.jpg,DIOPSIS-231_2025-06-10T02-07-10+02-00.jpg,image/jpeg,
3eeb6aeb-553f-4c4c-816d-75ed40d678f0,DIOPSIS-231_Boer5_-_Controle_1,activityDetection,2025-06-10T02:25:17,camtrap-data/images/DIOPSIS-231_2025-06-10T04-25-17+02-00.jpg,DIOPSIS-231_2025-06-10T04-25-17+02-00.jpg,image/jpeg,
8905a5da-9e16-436d-beb4-c041df134bb1,DIOPSIS-231_Boer3_-_Controle_1,activityDetection,2025-06-12T20:45:31,camtrap-data/images/DIOPSIS-231_2025-06-12T22-45-31+02-00.jpg,DIOPSIS-231_2025-06-12T22-45-31+02-00.jpg,image/jpeg,
10db8d34-af92-4e0d-962c-6f45927e00ca,DIOPSIS-231_Boer3_-_Controle_1,activityDetection,2025-06-12T21:13:13,camtrap-data/images/DIOPSIS-231_2025-06-12T23-13-13+02-00.jpg,DIOPSIS-231_2025-06-12T23-13-13+02-00.jpg,image/jpeg,
0546815b-9a60-44bc-9479-82b4c7ca8095,DIOPSIS-231_Boer3_-_Controle_1,activityDetection,2025-06-12T22:35:36,camtrap-data/images/DIOPSIS-231_2025-06-13T00-35-36+02-00.jpg,DIOPSIS-231_2025-06-13T00-35-36+02-00.jpg,image/jpeg,
7834c4bd-7179-40a8-a5d4-01e77b4804e1,DIOPSIS-231_Boer3_-_Controle_1,activityDetection,2025-06-13T02:02:17,camtrap-data/images/DIOPSIS-231_2025-06-13T04-02-17+02-00.jpg,DIOPSIS-231_2025-06-13T04-02-17+02-00.jpg,image/jpeg,
a5c21ef6-d22e-42f1-8563-00976fdae132,DIOPSIS-231_Boer3_-_Controle_1,activityDetection,2025-06-13T16:45:00,camtrap-data/images/DIOPSIS-231_2025-06-13T18-45-00+02-00.jpg,DIOPSIS-231_2025-06-13T18-45-00+02-00.jpg,image/jpeg,
4c3c4de4-dc54-49c3-b262-1dfc9180f6d5,DIOPSIS-231_Boer3_-_Controle_1,activityDetection,2025-06-13T22:53:15,camtrap-data/images/DIOPSIS-231_2025-06-14T00-53-15+02-00.jpg,DIOPSIS-231_2025-06-14T00-53-15+02-00.jpg,image/jpeg,
8d3f2bcb-58fa-4505-a2e8-8df6884f26d3,DIOPSIS-231_Boer3_-_Controle_1,activityDetection,2025-06-14T00:21:00,camtrap-data/images/DIOPSIS-231_2025-06-14T02-21-00+02-00.jpg,DIOPSIS-231_2025-06-14T02-21-00+02-00.jpg,image/jpeg,
fcbe4858-1872-4a87-8227-262b131576bc,DIOPSIS-231_Boer3_-_Controle_1,activityDetection,2025-06-14T00:30:29,camtrap-data/images/DIOPSIS-231_2025-06-14T02-30-29+02-00.jpg,DIOPSIS-231_2025-06-14T02-30-29+02-00.jpg,image/jpeg,
8c238eac-b70d-4ba5-b916-08f2e5c24884,DIOPSIS-231_Boer3_-_Controle_1,activityDetection,2025-06-14T01:05:42,camtrap-data/images/DIOPSIS-231_2025-06-14T03-05-42+02-00.jpg,DIOPSIS-231_2025-06-14T03-05-42+02-00.jpg,image/jpeg,
bba50383-30e0-4c23-ada6-6a0e80c281dc,DIOPSIS-231_Boer3_-_Controle_1,activityDetection,2025-06-14T16:23:54,camtrap-data/images/DIOPSIS-231_2025-06-14T18-23-54+02-00.jpg,DIOPSIS-231_2025-06-14T18-23-54+02-00.jpg,image/jpeg,
17d5e604-64e3-4e8d-9438-87eae2cadd50,DIOPSIS-231_Boer3_-_Controle_1,activityDetection,2025-06-14T21:21:41,camtrap-data/images/DIOPSIS-231_2025-06-14T23-21-41+02-00.jpg,DIOPSIS-231_2025-06-14T23-21-41+02-00.jpg,image/jpeg,
416c332a-e46b-44ab-8cf4-42d0a96c9d06,DIOPSIS-231_Boer3_-_Controle_1,activityDetection,2025-06-14T21:42:54,camtrap-data/images/DIOPSIS-231_2025-06-14T23-42-54+02-00.jpg,DIOPSIS-231_2025-06-14T23-42-54+02-00.jpg,image/jpeg,
cef22926-14cb-4aed-af19-13a193d24a4a,DIOPSIS-231_Boer3_-_Controle_1,activityDetection,2025-06-14T22:08:52,camtrap-data/images/DIOPSIS-231_2025-06-15T00-08-52+02-00.jpg,DIOPSIS-231_2025-06-15T00-08-52+02-00.jpg,image/jpeg,
d1b11807-ceb4-4b7b-abaa-d89fdcb0534a,DIOPSIS-231_Boer3_-_Controle_1,activityDetection,2025-06-14T22:26:32,camtrap-data/images/DIOPSIS-231_2025-06-15T00-26-32+02-00.jpg,DIOPSIS-231_2025-06-15T00-26-32+02-00.jpg,image/jpeg,
5a0ef65d-85db-44a2-824d-cd1f75be9a5d,DIOPSIS-231_Boer3_-_Controle_1,activityDetection,2025-06-15T03:14:55,camtrap-data/images/DIOPSIS-231_2025-06-15T05-14-55+02-00.jpg,DIOPSIS-231_2025-06-15T05-14-55+02-00.jpg,image/jpeg,
48ac6167-2c29-4a82-9124-6212b2e888b6,DIOPSIS-231_Boer3_-_Controle_1,activityDetection,2025-06-15T22:42:57,camtrap-data/images/DIOPSIS-231_2025-06-16T00-42-57+02-00.jpg,DIOPSIS-231_2025-06-16T00-42-57+02-00.jpg,image/jpeg,
15609a41-5c02-4171-ac2e-c94fa91a74e9,DIOPSIS-231_Boer3_-_Controle_1,activityDetection,2025-06-16T01:53:23,camtrap-data/images/DIOPSIS-231_2025-06-16T03-53-23+02-00.jpg,DIOPSIS-231_2025-06-16T03-53-23+02-00.jpg,image/jpeg,
84e949b4-9e0f-40fd-9af6-821dff2bc441,DIOPSIS-231_Boer3_-_Controle_1,activityDetection,2025-06-17T22:00:12,camtrap-data/images/DIOPSIS-231_2025-06-18T00-00-12+02-00.jpg,DIOPSIS-231_2025-06-18T00-00-12+02-00.jpg,image/jpeg,
cf441e40-a108-4900-8f5a-3b864b3c7a61,DIOPSIS-231_Boer7_-_Controle_1,activityDetection,2025-06-18T11:09:11,camtrap-data/images/DIOPSIS-231_2025-06-18T13-09-11+02-00.jpg,DIOPSIS-231_2025-06-18T13-09-11+02-00.jpg,image/jpeg,
0b49444d-0dda-424e-9a7a-8daa1d4ecc87,DIOPSIS-231_Boer7_-_Controle_1,activityDetection,2025-06-18T20:30:35,camtrap-data/images/DIOPSIS-231_2025-06-18T22-30-35+02-00.jpg,DIOPSIS-231_2025-06-18T22-30-35+02-00.jpg,image/jpeg,
17a7a47d-4dd6-4434-826a-825b9e4bd42d,DIOPSIS-231_Boer7_-_Controle_1,activityDetection,2025-06-18T21:26:02,camtrap-data/images/DIOPSIS-231_2025-06-18T23-26-02+02-00.jpg,DIOPSIS-231_2025-06-18T23-26-02+02-00.jpg,image/jpeg,
d3538a3f-bd6b-45bf-ae22-daf2a6f7531d,DIOPSIS-231_Boer7_-_Controle_1,activityDetection,2025-06-19T01:44:45,camtrap-data/images/DIOPSIS-231_2025-06-19T03-44-45+02-00.jpg,DIOPSIS-231_2025-06-19T03-44-45+02-00.jpg,image/jpeg,
5cac091c-a709-4385-9ca5-15d77680bdf1,DIOPSIS-231_Boer7_-_Controle_1,activityDetection,2025-06-19T06:09:14,camtrap-data/images/DIOPSIS-231_2025-06-19T08-09-14+02-00.jpg,DIOPSIS-231_2025-06-19T08-09-14+02-00.jpg,image/jpeg,
413a63f3-e6e7-4688-a3b5-2488728daf9c,DIOPSIS-231_Boer7_-_Controle_1,activityDetection,2025-06-19T07:24:09,camtrap-data/images/DIOPSIS-231_2025-06-19T09-24-09+02-00.jpg,DIOPSIS-231_2025-06-19T09-24-09+02-00.jpg,image/jpeg,
e89607f2-1620-46de-8ee5-1494ea6029b2,DIOPSIS-231_Boer7_-_Controle_1,activityDetection,2025-06-19T08:52:45,camtrap-data/images/DIOPSIS-231_2025-06-19T10-52-45+02-00.jpg,DIOPSIS-231_2025-06-19T10-52-45+02-00.jpg,image/jpeg,
e638a4e1-7223-448e-a009-3f051b3da3dd,DIOPSIS-231_Boer7_-_Controle_1,activityDetection,2025-06-19T11:51:25,camtrap-data/images/DIOPSIS-231_2025-06-19T13-51-25+02-00.jpg,DIOPSIS-231_2025-06-19T13-51-25+02-00.jpg,image/jpeg,
d2deb91a-8c60-48c9-afec-5e58086e716e,DIOPSIS-231_Boer7_-_Controle_1,activityDetection,2025-06-19T22:33:10,camtrap-data/images/DIOPSIS-231_2025-06-20T00-33-10+02-00.jpg,DIOPSIS-231_2025-06-20T00-33-10+02-00.jpg,image/jpeg,
3f9b3785-2557-4e06-893b-5ac46753e06a,DIOPSIS-231_Boer7_-_Controle_1,activityDetection,2025-06-21T01:04:32,camtrap-data/images/DIOPSIS-231_2025-06-21T03-04-32+02-00.jpg,DIOPSIS-231_2025-06-21T03-04-32+02-00.jpg,image/jpeg,
8e535bf9-2869-4780-8825-305a60ee9d8c,DIOPSIS-231_Boer7_-_Controle_1,activityDetection,2025-06-21T07:39:42,camtrap-data/images/DIOPSIS-231_2025-06-21T09-39-42+02-00.jpg,DIOPSIS-231_2025-06-21T09-39-42+02-00.jpg,image/jpeg,
d74ca1b7-ab40-402b-90ca-b044744991b1,DIOPSIS-231_Boer7_-_Controle_1,activityDetection,2025-06-21T21:14:42,camtrap-data/images/DIOPSIS-231_2025-06-21T23-14-42+02-00.jpg,DIOPSIS-231_2025-06-21T23-14-42+02-00.jpg,image/jpeg,
010df8e6-2f86-4604-97f4-a1d1ae23af34,DIOPSIS-231_Boer7_-_Controle_1,activityDetection,2025-06-21T21:40:31,camtrap-data/images/DIOPSIS-231_2025-06-21T23-40-31+02-00.jpg,DIOPSIS-231_2025-06-21T23-40-31+02-00.jpg,image/jpeg,
cd81a041-c853-4649-86f7-5e1477e59056,DIOPSIS-231_Boer7_-_Controle_1,activityDetection,2025-06-21T22:07:39,camtrap-data/images/DIOPSIS-231_2025-06-22T00-07-39+02-00.jpg,DIOPSIS-231_2025-06-22T00-07-39+02-00.jpg,image/jpeg,
76d46400-bf7e-4c9d-a0b0-493e59026091,DIOPSIS-231_Boer7_-_Controle_1,activityDetection,2025-06-21T23:03:36,camtrap-data/images/DIOPSIS-231_2025-06-22T01-03-36+02-00.jpg,DIOPSIS-231_2025-06-22T01-03-36+02-00.jpg,image/jpeg,
81832119-8742-4794-b7fd-36dde3c62efb,DIOPSIS-231_Boer7_-_Controle_1,activityDetection,2025-06-22T00:41:38,camtrap-data/images/DIOPSIS-231_2025-06-22T02-41-38+02-00.jpg,DIOPSIS-231_2025-06-22T02-41-38+02-00.jpg,image/jpeg,
b351d9aa-16b5-4d8d-b29b-e6d5560a7591,DIOPSIS-231_Boer7_-_Controle_1,activityDetection,2025-06-22T01:01:20,camtrap-data/images/DIOPSIS-231_2025-06-22T03-01-20+02-00.jpg,DIOPSIS-231_2025-06-22T03-01-20+02-00.jpg,image/jpeg,
c89603cb-e94c-4492-86dd-924cf9ab22c0,DIOPSIS-231_Boer7_-_Controle_1,activityDetection,2025-06-22T01:44:49,camtrap-data/images/DIOPSIS-231_2025-06-22T03-44-49+02-00.jpg,DIOPSIS-231_2025-06-22T03-44-49+02-00.jpg,image/jpeg,
4824906f-b148-414c-9970-590e001f9a76,DIOPSIS-231_Boer7_-_Controle_1,activityDetection,2025-06-22T12:16:28,camtrap-data/images/DIOPSIS-231_2025-06-22T14-16-28+02-00.jpg,DIOPSIS-231_2025-06-22T14-16-28+02-00.jpg,image/jpeg,
c0e2802e-2947-4db5-b896-937c42be2dbc,DIOPSIS-231_Boer7_-_Controle_1,activityDetection,2025-06-22T18:01:09,camtrap-data/images/DIOPSIS-231_2025-06-22T20-01-09+02-00.jpg,DIOPSIS-231_2025-06-22T20-01-09+02-00.jpg,image/jpeg,
ef145f58-292e-4ae9-9bad-d468210f9b84,DIOPSIS-231_Boer7_-_Controle_1,activityDetection,2025-06-23T23:19:00,camtrap-data/images/DIOPSIS-231_2025-06-24T01-19-00+02-00.jpg,DIOPSIS-231_2025-06-24T01-19-00+02-00.jpg,image/jpeg,
902c09ad-ab9f-4ff8-821c-409c2ab7efab,DIOPSIS-231_Boer7_-_Controle_1,activityDetection,2025-06-24T16:33:04,camtrap-data/images/DIOPSIS-231_2025-06-24T18-33-04+02-00.jpg,DIOPSIS-231_2025-06-24T18-33-04+02-00.jpg,image/jpeg,
2d34fa4f-b571-45f3-8818-cbb3680ce1ad,DIOPSIS-231_Boer7_-_Controle_1,activityDetection,2025-06-25T01:10:44,camtrap-data/images/DIOPSIS-231_2025-06-25T03-10-44+02-00.jpg,DIOPSIS-231_2025-06-25T03-10-44+02-00.jpg,image/jpeg,
d90a7dfa-1093-43fb-bcc8-47fe73dde8a2,DIOPSIS-231_Boer1_-_Controle_1,activityDetection,2025-06-26T01:05:49,camtrap-data/images/DIOPSIS-231_2025-06-26T03-05-49+02-00.jpg,DIOPSIS-231_2025-06-26T03-05-49+02-00.jpg,image/jpeg,
ad268d8f-28d5-4796-aac8-77d428c4b523,DIOPSIS-231_Boer1_-_Controle_1,activityDetection,2025-06-26T01:10:57,camtrap-data/images/DIOPSIS-231_2025-06-26T03-10-57+02-00.jpg,DIOPSIS-231_2025-06-26T03-10-57+02-00.jpg,image/jpeg,
977eda46-1ca3-4218-8fe7-727560de6b75,DIOPSIS-231_Boer1_-_Controle_1,activityDetection,2025-06-26T01:45:58,camtrap-data/images/DIOPSIS-231_2025-06-26T03-45-58+02-00.jpg,DIOPSIS-231_2025-06-26T03-45-58+02-00.jpg,image/jpeg,
d41c15a0-5e09-4553-9282-47ab12dc8bfe,DIOPSIS-231_Boer1_-_Controle_1,activityDetection,2025-06-27T20:44:54,camtrap-data/images/DIOPSIS-231_2025-06-27T22-44-54+02-00.jpg,DIOPSIS-231_2025-06-27T22-44-54+02-00.jpg,image/jpeg,
a8b3ae19-8937-482f-928e-381c21beea6e,DIOPSIS-231_Boer1_-_Controle_1,activityDetection,2025-06-27T23:06:58,camtrap-data/images/DIOPSIS-231_2025-06-28T01-06-58+02-00.jpg,DIOPSIS-231_2025-06-28T01-06-58+02-00.jpg,image/jpeg,
9ff74716-461b-408e-b348-d633ebe7276d,DIOPSIS-231_Boer1_-_Controle_1,activityDetection,2025-06-27T23:20:15,camtrap-data/images/DIOPSIS-231_2025-06-28T01-20-15+02-00.jpg,DIOPSIS-231_2025-06-28T01-20-15+02-00.jpg,image/jpeg,
56123000-fedc-4850-a255-8c66a960f330,DIOPSIS-231_Boer1_-_Controle_1,activityDetection,2025-07-01T01:34:46,camtrap-data/images/DIOPSIS-231_2025-07-01T03-34-46+02-00.jpg,DIOPSIS-231_2025-07-01T03-34-46+02-00.jpg,image/jpeg,
e112e038-bafc-49f4-b325-13095e8ae9c7,DIOPSIS-231_Boer1_-_Controle_1,activityDetection,2025-07-01T05:21:34,camtrap-data/images/DIOPSIS-231_2025-07-01T07-21-34+02-00.jpg,DIOPSIS-231_2025-07-01T07-21-34+02-00.jpg,image/jpeg,
af1e24d5-854f-458f-93f8-3133f15e9e32,DIOPSIS-231_Boer1_-_Controle_1,activityDetection,2025-07-01T21:35:36,camtrap-data/images/DIOPSIS-231_2025-07-01T23-35-36+02-00.jpg,DIOPSIS-231_2025-07-01T23-35-36+02-00.jpg,image/jpeg,
f24b4917-79f0-43c3-b4d2-6a016d1b7a67,DIOPSIS-231_Boer1_-_Controle_1,activityDetection,2025-07-01T22:38:58,camtrap-data/images/DIOPSIS-231_2025-07-02T00-38-58+02-00.jpg,DIOPSIS-231_2025-07-02T00-38-58+02-00.jpg,image/jpeg,
2d85f723-8040-4f3c-9eb3-2d1b090f8bcb,DIOPSIS-231_Boer1_-_Controle_1,activityDetection,2025-07-02T00:13:36,camtrap-data/images/DIOPSIS-231_2025-07-02T02-13-36+02-00.jpg,DIOPSIS-231_2025-07-02T02-13-36+02-00.jpg,image/jpeg,
fea8f7b6-dfee-403d-880b-2c206f66e964,DIOPSIS-231_Boer1_-_Controle_1,activityDetection,2025-07-02T00:18:51,camtrap-data/images/DIOPSIS-231_2025-07-02T02-18-51+02-00.jpg,DIOPSIS-231_2025-07-02T02-18-51+02-00.jpg,image/jpeg,
b7df2fc8-8f5b-4b13-ac84-6d2bb6b23df1,DIOPSIS-231_Boer1_-_Controle_1,activityDetection,2025-07-02T04:54:12,camtrap-data/images/DIOPSIS-231_2025-07-02T06-54-12+02-00.jpg,DIOPSIS-231_2025-07-02T06-54-12+02-00.jpg,image/jpeg,
a96a6d24-c97d-4b50-a99c-ef7217be70a1,DIOPSIS-231_Boer6_-_Controle_1,activityDetection,2025-07-09T19:30:41,camtrap-data/images/DIOPSIS-231_2025-07-09T21-30-41+02-00.jpg,DIOPSIS-231_2025-07-09T21-30-41+02-00.jpg,image/jpeg,
4958cc87-e481-4a81-82dc-235ad5971402,DIOPSIS-231_Boer6_-_Controle_1,activityDetection,2025-07-11T22:53:04,camtrap-data/images/DIOPSIS-231_2025-07-12T00-53-04+02-00.jpg,DIOPSIS-231_2025-07-12T00-53-04+02-00.jpg,image/jpeg,
45466c97-9252-458c-b44a-271d990e7b96,DIOPSIS-231_Boer6_-_Controle_1,activityDetection,2025-07-12T01:25:54,camtrap-data/images/DIOPSIS-231_2025-07-12T03-25-54+02-00.jpg,DIOPSIS-231_2025-07-12T03-25-54+02-00.jpg,image/jpeg,
13921f78-3435-40a4-a7aa-f0ec70248e59,DIOPSIS-231_Boer6_-_Controle_1,activityDetection,2025-07-12T17:20:53,camtrap-data/images/DIOPSIS-231_2025-07-12T19-20-53+02-00.jpg,DIOPSIS-231_2025-07-12T19-20-53+02-00.jpg,image/jpeg,
a205e66b-eb46-462a-b136-bc4ff33fa746,DIOPSIS-231_Boer6_-_Controle_1,activityDetection,2025-07-12T22:33:54,camtrap-data/images/DIOPSIS-231_2025-07-13T00-33-54+02-00.jpg,DIOPSIS-231_2025-07-13T00-33-54+02-00.jpg,image/jpeg,
d9051f51-7c9e-49ad-8bec-d6f11d779a23,DIOPSIS-231_Boer6_-_Controle_1,activityDetection,2025-07-13T11:54:31,camtrap-data/images/DIOPSIS-231_2025-07-13T13-54-31+02-00.jpg,DIOPSIS-231_2025-07-13T13-54-31+02-00.jpg,image/jpeg,
913bf0b2-01b7-44c9-9f95-a52c50017656,DIOPSIS-231_Boer6_-_Controle_1,activityDetection,2025-07-13T15:52:32,camtrap-data/images/DIOPSIS-231_2025-07-13T17-52-32+02-00.jpg,DIOPSIS-231_2025-07-13T17-52-32+02-00.jpg,image/jpeg,
812b964e-f622-4ade-afdb-e0014e863957,DIOPSIS-231_Boer6_-_Controle_1,activityDetection,2025-07-13T15:57:42,camtrap-data/images/DIOPSIS-231_2025-07-13T17-57-42+02-00.jpg,DIOPSIS-231_2025-07-13T17-57-42+02-00.jpg,image/jpeg,
fb578e9b-f4f3-4bd9-9f6a-72c2dc5de4b7,DIOPSIS-231_Boer6_-_Controle_1,activityDetection,2025-07-13T21:03:07,camtrap-data/images/DIOPSIS-231_2025-07-13T23-03-07+02-00.jpg,DIOPSIS-231_2025-07-13T23-03-07+02-00.jpg,image/jpeg,
69cc3ebc-a4ff-494f-b95a-6d2e3f0157fc,DIOPSIS-231_Boer6_-_Controle_1,activityDetection,2025-07-13T21:14:03,camtrap-data/images/DIOPSIS-231_2025-07-13T23-14-03+02-00.jpg,DIOPSIS-231_2025-07-13T23-14-03+02-00.jpg,image/jpeg,
5ab7c970-13d3-4188-8ac5-8d577bab7686,DIOPSIS-231_Boer6_-_Controle_1,activityDetection,2025-07-14T00:43:50,camtrap-data/images/DIOPSIS-231_2025-07-14T02-43-50+02-00.jpg,DIOPSIS-231_2025-07-14T02-43-50+02-00.jpg,image/jpeg,
1cae7954-b7ba-49e1-8ee8-510650b88a1e,DIOPSIS-231_Boer6_-_Controle_1,activityDetection,2025-07-14T01:08:55,camtrap-data/images/DIOPSIS-231_2025-07-14T03-08-55+02-00.jpg,DIOPSIS-231_2025-07-14T03-08-55+02-00.jpg,image/jpeg,
b49fb634-1d86-4717-b824-5a6dd6faf96e,DIOPSIS-231_Boer6_-_Controle_1,activityDetection,2025-07-14T01:44:56,camtrap-data/images/DIOPSIS-231_2025-07-14T03-44-56+02-00.jpg,DIOPSIS-231_2025-07-14T03-44-56+02-00.jpg,image/jpeg,
373bfec5-60b0-4268-9efa-8100d206aaaa,DIOPSIS-231_Boer6_-_Controle_1,activityDetection,2025-07-14T10:50:20,camtrap-data/images/DIOPSIS-231_2025-07-14T12-50-20+02-00.jpg,DIOPSIS-231_2025-07-14T12-50-20+02-00.jpg,image/jpeg,
d12e88e2-d2e2-4315-a4ff-b63c2897c6ca,DIOPSIS-231_Boer6_-_Controle_1,activityDetection,2025-07-14T13:22:33,camtrap-data/images/DIOPSIS-231_2025-07-14T15-22-33+02-00.jpg,DIOPSIS-231_2025-07-14T15-22-33+02-00.jpg,image/jpeg,
749b6a0f-e620-4f7e-9a08-14126cd84dd3,DIOPSIS-231_Boer6_-_Controle_1,activityDetection,2025-07-15T15:58:04,camtrap-data/images/DIOPSIS-231_2025-07-15T17-58-04+02-00.jpg,DIOPSIS-231_2025-07-15T17-58-04+02-00.jpg,image/jpeg,
23be30ce-fe82-4c60-ad66-1c448ff318ba,DIOPSIS-231_Boer2_-_Drukdrainage_1,activityDetection,2025-07-17T06:03:42,camtrap-data/images/DIOPSIS-231_2025-07-17T08-03-42+02-00.jpg,DIOPSIS-231_2025-07-17T08-03-42+02-00.jpg,image/jpeg,
b4417bfd-27ab-4266-aa0a-c7d48ee73201,DIOPSIS-231_Boer2_-_Drukdrainage_1,activityDetection,2025-07-17T23:28:39,camtrap-data/images/DIOPSIS-231_2025-07-18T01-28-39+02-00.jpg,DIOPSIS-231_2025-07-18T01-28-39+02-00.jpg,image/jpeg,
36d1c2f4-43f0-4235-9ef3-72a91f0299b1,DIOPSIS-231_Boer2_-_Drukdrainage_1,activityDetection,2025-07-18T07:33:06,camtrap-data/images/DIOPSIS-231_2025-07-18T09-33-06+02-00.jpg,DIOPSIS-231_2025-07-18T09-33-06+02-00.jpg,image/jpeg,
a23175ee-d3ec-4304-a643-6921d54d10a6,DIOPSIS-231_Boer2_-_Drukdrainage_1,activityDetection,2025-07-18T19:20:30,camtrap-data/images/DIOPSIS-231_2025-07-18T21-20-30+02-00.jpg,DIOPSIS-231_2025-07-18T21-20-30+02-00.jpg,image/jpeg,
c9086889-6366-409e-8562-67e842116e55,DIOPSIS-231_Boer2_-_Drukdrainage_1,activityDetection,2025-07-18T22:34:16,camtrap-data/images/DIOPSIS-231_2025-07-19T00-34-16+02-00.jpg,DIOPSIS-231_2025-07-19T00-34-16+02-00.jpg,image/jpeg,
4aee9943-d25a-42b7-8df7-928d737e782e,DIOPSIS-231_Boer2_-_Drukdrainage_1,activityDetection,2025-07-19T00:19:50,camtrap-data/images/DIOPSIS-231_2025-07-19T02-19-50+02-00.jpg,DIOPSIS-231_2025-07-19T02-19-50+02-00.jpg,image/jpeg,
5711a200-9f14-46bf-bd6a-6a437961dd1f,DIOPSIS-231_Boer2_-_Drukdrainage_1,activityDetection,2025-07-19T01:42:19,camtrap-data/images/DIOPSIS-231_2025-07-19T03-42-19+02-00.jpg,DIOPSIS-231_2025-07-19T03-42-19+02-00.jpg,image/jpeg,
c1b5a340-8cc2-4e4e-95d8-61b9cd879146,DIOPSIS-231_Boer2_-_Drukdrainage_1,activityDetection,2025-07-19T02:17:05,camtrap-data/images/DIOPSIS-231_2025-07-19T04-17-05+02-00.jpg,DIOPSIS-231_2025-07-19T04-17-05+02-00.jpg,image/jpeg,
f912e704-8f2c-460b-9d3a-0b0669ec3dbb,DIOPSIS-231_Boer2_-_Drukdrainage_1,activityDetection,2025-07-19T02:45:14,camtrap-data/images/DIOPSIS-231_2025-07-19T04-45-14+02-00.jpg,DIOPSIS-231_2025-07-19T04-45-14+02-00.jpg,image/jpeg,
2c9a7a44-0536-4d07-b8b3-bdd8be6c38f8,DIOPSIS-231_Boer2_-_Drukdrainage_1,activityDetection,2025-07-19T02:51:09,camtrap-data/images/DIOPSIS-231_2025-07-19T04-51-09+02-00.jpg,DIOPSIS-231_2025-07-19T04-51-09+02-00.jpg,image/jpeg,
f77d7af8-e16b-42bb-817a-475d7a4faaf6,DIOPSIS-231_Boer2_-_Drukdrainage_1,activityDetection,2025-07-19T20:46:47,camtrap-data/images/DIOPSIS-231_2025-07-19T22-46-47+02-00.jpg,DIOPSIS-231_2025-07-19T22-46-47+02-00.jpg,image/jpeg,
a6321fef-7c4f-4b2b-a5c5-75894dff9ed6,DIOPSIS-231_Boer2_-_Drukdrainage_1,activityDetection,2025-07-20T17:08:38,camtrap-data/images/DIOPSIS-231_2025-07-20T19-08-38+02-00.jpg,DIOPSIS-231_2025-07-20T19-08-38+02-00.jpg,image/jpeg,
5156024d-b1f7-4224-b464-22513379b5f1,DIOPSIS-231_Boer2_-_Drukdrainage_1,activityDetection,2025-07-20T20:57:58,camtrap-data/images/DIOPSIS-231_2025-07-20T22-57-58+02-00.jpg,DIOPSIS-231_2025-07-20T22-57-58+02-00.jpg,image/jpeg,
ee8dd019-7cfe-40bd-914f-131b44298baa,DIOPSIS-231_Boer2_-_Drukdrainage_1,activityDetection,2025-07-21T00:47:27,camtrap-data/images/DIOPSIS-231_2025-07-21T02-47-27+02-00.jpg,DIOPSIS-231_2025-07-21T02-47-27+02-00.jpg,image/jpeg,
687e810e-825c-4479-918a-680eb25bd805,DIOPSIS-231_Boer2_-_Drukdrainage_1,activityDetection,2025-07-21T07:50:13,camtrap-data/images/DIOPSIS-231_2025-07-21T09-50-13+02-00.jpg,DIOPSIS-231_2025-07-21T09-50-13+02-00.jpg,image/jpeg,
d47d798a-969d-4b9b-937e-8a59618158b0,DIOPSIS-231_Boer2_-_Drukdrainage_1,activityDetection,2025-07-21T09:13:54,camtrap-data/images/DIOPSIS-231_2025-07-21T11-13-54+02-00.jpg,DIOPSIS-231_2025-07-21T11-13-54+02-00.jpg,image/jpeg,
49455dc4-1b3c-4508-917b-f2998848b197,DIOPSIS-231_Boer2_-_Drukdrainage_1,activityDetection,2025-07-22T20:37:27,camtrap-data/images/DIOPSIS-231_2025-07-22T22-37-27+02-00.jpg,DIOPSIS-231_2025-07-22T22-37-27+02-00.jpg,image/jpeg,
8edf1e74-4cc9-4038-bba2-5800368ea5f7,DIOPSIS-231_Boer2_-_Drukdrainage_1,activityDetection,2025-07-22T23:19:48,camtrap-data/images/DIOPSIS-231_2025-07-23T01-19-48+02-00.jpg,DIOPSIS-231_2025-07-23T01-19-48+02-00.jpg,image/jpeg,
5e659373-41e2-4ba4-9b5b-c850af6986ee,DIOPSIS-231_Boer2_-_Drukdrainage_1,activityDetection,2025-07-23T00:24:42,camtrap-data/images/DIOPSIS-231_2025-07-23T02-24-42+02-00.jpg,DIOPSIS-231_2025-07-23T02-24-42+02-00.jpg,image/jpeg,
10500413-9da0-4990-85ea-2f88542d9c97,DIOPSIS-231_Boer8_-_Controle_2,activityDetection,2025-07-23T22:40:15,camtrap-data/images/DIOPSIS-231_2025-07-24T00-40-15+02-00.jpg,DIOPSIS-231_2025-07-24T00-40-15+02-00.jpg,image/jpeg,
9f2aaf16-c09f-4f74-b7eb-286f285e3ea7,DIOPSIS-231_Boer8_-_Controle_2,activityDetection,2025-07-23T23:32:05,camtrap-data/images/DIOPSIS-231_2025-07-24T01-32-05+02-00.jpg,DIOPSIS-231_2025-07-24T01-32-05+02-00.jpg,image/jpeg,
6d35f2ea-7730-47f5-93a8-1000db6000c4,DIOPSIS-231_Boer8_-_Controle_2,activityDetection,2025-07-23T23:32:39,camtrap-data/images/DIOPSIS-231_2025-07-24T01-32-39+02-00.jpg,DIOPSIS-231_2025-07-24T01-32-39+02-00.jpg,image/jpeg,
7e75856e-a917-4e50-b4eb-7076e979aa72,DIOPSIS-231_Boer8_-_Controle_2,activityDetection,2025-07-24T10:32:30,camtrap-data/images/DIOPSIS-231_2025-07-24T12-32-30+02-00.jpg,DIOPSIS-231_2025-07-24T12-32-30+02-00.jpg,image/jpeg,
bdeb7332-4b80-44e2-b251-b5e01fde657e,DIOPSIS-231_Boer8_-_Controle_2,activityDetection,2025-07-24T15:43:50,camtrap-data/images/DIOPSIS-231_2025-07-24T17-43-50+02-00.jpg,DIOPSIS-231_2025-07-24T17-43-50+02-00.jpg,image/jpeg,
fed04661-562c-4bbd-8fe2-e1c9c03e14f1,DIOPSIS-231_Boer8_-_Controle_2,activityDetection,2025-07-25T03:24:22,camtrap-data/images/DIOPSIS-231_2025-07-25T05-24-22+02-00.jpg,DIOPSIS-231_2025-07-25T05-24-22+02-00.jpg,image/jpeg,
001ad062-40dd-4ebf-a688-32b14290448b,DIOPSIS-231_Boer8_-_Controle_2,activityDetection,2025-07-26T01:29:47,camtrap-data/images/DIOPSIS-231_2025-07-26T03-29-47+02-00.jpg,DIOPSIS-231_2025-07-26T03-29-47+02-00.jpg,image/jpeg,
01eb51bd-c7ee-4610-80d0-3f849aa92c14,DIOPSIS-231_Boer8_-_Controle_2,activityDetection,2025-07-26T07:06:34,camtrap-data/images/DIOPSIS-231_2025-07-26T09-06-34+02-00.jpg,DIOPSIS-231_2025-07-26T09-06-34+02-00.jpg,image/jpeg,
ee5ef4b3-a97d-4436-a97a-0f9252a9d707,DIOPSIS-231_Boer8_-_Controle_2,activityDetection,2025-07-26T19:03:22,camtrap-data/images/DIOPSIS-231_2025-07-26T21-03-22+02-00.jpg,DIOPSIS-231_2025-07-26T21-03-22+02-00.jpg,image/jpeg,
022f7b4f-8f10-4854-a3c5-94755e2cc0f2,DIOPSIS-231_Boer8_-_Controle_2,activityDetection,2025-07-26T20:41:58,camtrap-data/images/DIOPSIS-231_2025-07-26T22-41-58+02-00.jpg,DIOPSIS-231_2025-07-26T22-41-58+02-00.jpg,image/jpeg,
578b99a6-e1bb-411e-a70f-bd6263845472,DIOPSIS-231_Boer8_-_Controle_2,activityDetection,2025-07-26T20:54:00,camtrap-data/images/DIOPSIS-231_2025-07-26T22-54-00+02-00.jpg,DIOPSIS-231_2025-07-26T22-54-00+02-00.jpg,image/jpeg,
3732170a-2989-4a57-bbbc-356999c54e10,DIOPSIS-231_Boer8_-_Controle_2,activityDetection,2025-07-27T02:54:12,camtrap-data/images/DIOPSIS-231_2025-07-27T04-54-12+02-00.jpg,DIOPSIS-231_2025-07-27T04-54-12+02-00.jpg,image/jpeg,
de0efae2-f3e7-4f49-b125-96068fb88db6,DIOPSIS-231_Boer8_-_Controle_2,activityDetection,2025-07-27T11:14:25,camtrap-data/images/DIOPSIS-231_2025-07-27T13-14-25+02-00.jpg,DIOPSIS-231_2025-07-27T13-14-25+02-00.jpg,image/jpeg,
8988da28-73bb-4c6b-89bc-0de7715465c6,DIOPSIS-231_Boer8_-_Controle_2,activityDetection,2025-07-27T20:55:15,camtrap-data/images/DIOPSIS-231_2025-07-27T22-55-15+02-00.jpg,DIOPSIS-231_2025-07-27T22-55-15+02-00.jpg,image/jpeg,
7793d1f7-a1a9-4773-9bb2-10ab9c46ba0e,DIOPSIS-231_Boer8_-_Controle_2,activityDetection,2025-07-27T22:05:06,camtrap-data/images/DIOPSIS-231_2025-07-28T00-05-06+02-00.jpg,DIOPSIS-231_2025-07-28T00-05-06+02-00.jpg,image/jpeg,
78f1b143-e9c6-4fb2-8aa7-5d6a4fbd41da,DIOPSIS-231_Boer8_-_Controle_2,activityDetection,2025-07-27T23:23:25,camtrap-data/images/DIOPSIS-231_2025-07-28T01-23-25+02-00.jpg,DIOPSIS-231_2025-07-28T01-23-25+02-00.jpg,image/jpeg,
21fcab37-fb08-4d49-b34b-49ca7dc5e9d3,DIOPSIS-231_Boer8_-_Controle_2,activityDetection,2025-07-28T01:43:21,camtrap-data/images/DIOPSIS-231_2025-07-28T03-43-21+02-00.jpg,DIOPSIS-231_2025-07-28T03-43-21+02-00.jpg,image/jpeg,
7cc80b0f-29f5-4daa-b2a1-883e37ff2285,DIOPSIS-231_Boer8_-_Controle_2,activityDetection,2025-07-28T02:39:15,camtrap-data/images/DIOPSIS-231_2025-07-28T04-39-15+02-00.jpg,DIOPSIS-231_2025-07-28T04-39-15+02-00.jpg,image/jpeg,
8d205626-a0a8-424d-a71e-f655bb99edb1,DIOPSIS-231_Boer8_-_Controle_2,activityDetection,2025-07-28T03:14:53,camtrap-data/images/DIOPSIS-231_2025-07-28T05-14-53+02-00.jpg,DIOPSIS-231_2025-07-28T05-14-53+02-00.jpg,image/jpeg,
61ccb4d7-873b-4d4c-a2be-a0b48b474a73,DIOPSIS-231_Boer8_-_Controle_2,activityDetection,2025-07-28T03:34:01,camtrap-data/images/DIOPSIS-231_2025-07-28T05-34-01+02-00.jpg,DIOPSIS-231_2025-07-28T05-34-01+02-00.jpg,image/jpeg,
54098df6-9aa8-4234-9995-6780fa3c8f84,DIOPSIS-231_Boer8_-_Controle_2,activityDetection,2025-07-28T04:05:30,camtrap-data/images/DIOPSIS-231_2025-07-28T06-05-30+02-00.jpg,DIOPSIS-231_2025-07-28T06-05-30+02-00.jpg,image/jpeg,
80146ac9-fa50-48b1-b580-1e790474889b,DIOPSIS-231_Boer8_-_Controle_2,activityDetection,2025-07-28T10:34:03,camtrap-data/images/DIOPSIS-231_2025-07-28T12-34-03+02-00.jpg,DIOPSIS-231_2025-07-28T12-34-03+02-00.jpg,image/jpeg,
eeeaae7a-9e1f-4fbd-b7b3-9ca08a9062cc,DIOPSIS-231_Boer8_-_Controle_2,activityDetection,2025-07-29T01:39:18,camtrap-data/images/DIOPSIS-231_2025-07-29T03-39-18+02-00.jpg,DIOPSIS-231_2025-07-29T03-39-18+02-00.jpg,image/jpeg,
d8de386c-b21a-4825-9c69-14dceb370885,DIOPSIS-231_Boer8_-_Controle_2,activityDetection,2025-07-29T01:58:15,camtrap-data/images/DIOPSIS-231_2025-07-29T03-58-15+02-00.jpg,DIOPSIS-231_2025-07-29T03-58-15+02-00.jpg,image/jpeg,
1c49eb4b-12b6-4a0c-8ac0-326eb108bd60,DIOPSIS-231_Boer8_-_Controle_2,activityDetection,2025-07-29T02:38:05,camtrap-data/images/DIOPSIS-231_2025-07-29T04-38-05+02-00.jpg,DIOPSIS-231_2025-07-29T04-38-05+02-00.jpg,image/jpeg,
82f4df31-467f-4187-9f32-aef1f7481c64,DIOPSIS-231_Boer8_-_Controle_2,activityDetection,2025-07-29T23:33:08,camtrap-data/images/DIOPSIS-231_2025-07-30T01-33-08+02-00.jpg,DIOPSIS-231_2025-07-30T01-33-08+02-00.jpg,image/jpeg,
51cf5d30-5bf2-47cc-8122-7f407da39c9f,DIOPSIS-231_Boer7_-_Drukdrainage_2,activityDetection,2025-08-05T19:03:33,camtrap-data/images/DIOPSIS-231_2025-08-05T21-03-33+02-00.jpg,DIOPSIS-231_2025-08-05T21-03-33+02-00.jpg,image/jpeg,
03a415b0-436e-4c84-b812-98f04ecc6ea9,DIOPSIS-231_Boer7_-_Drukdrainage_2,activityDetection,2025-08-05T21:02:08,camtrap-data/images/DIOPSIS-231_2025-08-05T23-02-08+02-00.jpg,DIOPSIS-231_2025-08-05T23-02-08+02-00.jpg,image/jpeg,
ca5d68c9-26b0-4fea-ade5-a9ed3c5e5ae7,DIOPSIS-231_Boer7_-_Drukdrainage_2,activityDetection,2025-08-05T22:54:39,camtrap-data/images/DIOPSIS-231_2025-08-06T00-54-39+02-00.jpg,DIOPSIS-231_2025-08-06T00-54-39+02-00.jpg,image/jpeg,
4206a237-6730-4733-b96f-6334c0be4cc9,DIOPSIS-231_Boer7_-_Drukdrainage_2,activityDetection,2025-08-06T22:13:02,camtrap-data/images/DIOPSIS-231_2025-08-07T00-13-02+02-00.jpg,DIOPSIS-231_2025-08-07T00-13-02+02-00.jpg,image/jpeg,
ede4a092-9d23-4183-863b-8503dbc32994,DIOPSIS-231_Boer7_-_Drukdrainage_2,activityDetection,2025-08-07T13:52:21,camtrap-data/images/DIOPSIS-231_2025-08-07T15-52-21+02-00.jpg,DIOPSIS-231_2025-08-07T15-52-21+02-00.jpg,image/jpeg,
fc332160-0a2f-4e2f-9ac1-9bc1db3a599a,DIOPSIS-231_Boer7_-_Drukdrainage_2,activityDetection,2025-08-09T13:22:28,camtrap-data/images/DIOPSIS-231_2025-08-09T15-22-28+02-00.jpg,DIOPSIS-231_2025-08-09T15-22-28+02-00.jpg,image/jpeg,
2cacdf39-8861-46f7-9286-c69709d1c9c9,DIOPSIS-231_Boer7_-_Drukdrainage_2,activityDetection,2025-08-09T18:23:17,camtrap-data/images/DIOPSIS-231_2025-08-09T20-23-17+02-00.jpg,DIOPSIS-231_2025-08-09T20-23-17+02-00.jpg,image/jpeg,
77ccee31-1f71-4013-ad2c-982896b32364,DIOPSIS-231_Boer7_-_Drukdrainage_2,activityDetection,2025-08-10T15:16:47,camtrap-data/images/DIOPSIS-231_2025-08-10T17-16-47+02-00.jpg,DIOPSIS-231_2025-08-10T17-16-47+02-00.jpg,image/jpeg,
131a347f-1c7a-40c2-84e0-392dc294e37a,DIOPSIS-231_Boer7_-_Drukdrainage_2,activityDetection,2025-08-10T18:58:43,camtrap-data/images/DIOPSIS-231_2025-08-10T20-58-43+02-00.jpg,DIOPSIS-231_2025-08-10T20-58-43+02-00.jpg,image/jpeg,
82699a1d-461c-412f-9a7f-6887d9c18a2d,DIOPSIS-231_Boer7_-_Drukdrainage_2,activityDetection,2025-08-10T20:21:33,camtrap-data/images/DIOPSIS-231_2025-08-10T22-21-33+02-00.jpg,DIOPSIS-231_2025-08-10T22-21-33+02-00.jpg,image/jpeg,
b6d972c0-4f34-405b-ac45-e8c0c0ad55bb,DIOPSIS-231_Boer7_-_Drukdrainage_2,activityDetection,2025-08-11T14:43:41,camtrap-data/images/DIOPSIS-231_2025-08-11T16-43-41+02-00.jpg,DIOPSIS-231_2025-08-11T16-43-41+02-00.jpg,image/jpeg,
b4fab02f-d75f-40d9-930b-b0d2bdf58278,DIOPSIS-231_Boer7_-_Drukdrainage_2,activityDetection,2025-08-11T18:55:22,camtrap-data/images/DIOPSIS-231_2025-08-11T20-55-22+02-00.jpg,DIOPSIS-231_2025-08-11T20-55-22+02-00.jpg,image/jpeg,
6edc365b-97f4-4472-a6ae-bcd43ab4fa8a,DIOPSIS-231_Boer7_-_Drukdrainage_2,activityDetection,2025-08-11T20:09:16,camtrap-data/images/DIOPSIS-231_2025-08-11T22-09-16+02-00.jpg,DIOPSIS-231_2025-08-11T22-09-16+02-00.jpg,image/jpeg,
361770e4-1dba-4c4c-b913-939d57122ba3,DIOPSIS-231_Boer7_-_Drukdrainage_2,activityDetection,2025-08-11T21:16:03,camtrap-data/images/DIOPSIS-231_2025-08-11T23-16-03+02-00.jpg,DIOPSIS-231_2025-08-11T23-16-03+02-00.jpg,image/jpeg,
7f75d30f-bc70-4504-904a-a78b01ea039b,DIOPSIS-231_Boer7_-_Drukdrainage_2,activityDetection,2025-08-11T21:31:56,camtrap-data/images/DIOPSIS-231_2025-08-11T23-31-56+02-00.jpg,DIOPSIS-231_2025-08-11T23-31-56+02-00.jpg,image/jpeg,
52343ffe-daf3-4b0e-92d8-63b800f4ef9a,DIOPSIS-231_Boer7_-_Drukdrainage_2,activityDetection,2025-08-11T21:56:53,camtrap-data/images/DIOPSIS-231_2025-08-11T23-56-53+02-00.jpg,DIOPSIS-231_2025-08-11T23-56-53+02-00.jpg,image/jpeg,
432ab4b3-22fc-4d1e-9e89-4e8b1225dae4,DIOPSIS-231_Boer7_-_Drukdrainage_2,activityDetection,2025-08-12T20:37:55,camtrap-data/images/DIOPSIS-231_2025-08-12T22-37-55+02-00.jpg,DIOPSIS-231_2025-08-12T22-37-55+02-00.jpg,image/jpeg,
005668b3-c835-45fe-b948-2034593da30a,DIOPSIS-231_Boer7_-_Drukdrainage_2,activityDetection,2025-08-12T20:45:41,camtrap-data/images/DIOPSIS-231_2025-08-12T22-45-41+02-00.jpg,DIOPSIS-231_2025-08-12T22-45-41+02-00.jpg,image/jpeg,
91de2e7f-e9ed-4ebe-bc32-23789e077242,DIOPSIS-231_Boer4_-_Controle_1,activityDetection,2025-08-13T15:25:35,camtrap-data/images/DIOPSIS-231_2025-08-13T17-25-35+02-00.jpg,DIOPSIS-231_2025-08-13T17-25-35+02-00.jpg,image/jpeg,
5eb6c729-dafa-419e-8dd1-e01421ecae7d,DIOPSIS-231_Boer4_-_Controle_1,activityDetection,2025-08-13T22:31:54,camtrap-data/images/DIOPSIS-231_2025-08-14T00-31-54+02-00.jpg,DIOPSIS-231_2025-08-14T00-31-54+02-00.jpg,image/jpeg,
20890c2e-45d0-4d03-8565-bec12e1a7f96,DIOPSIS-231_Boer4_-_Controle_1,activityDetection,2025-08-13T23:09:45,camtrap-data/images/DIOPSIS-231_2025-08-14T01-09-45+02-00.jpg,DIOPSIS-231_2025-08-14T01-09-45+02-00.jpg,image/jpeg,
a4b5bf72-8e16-41d8-ac5d-1f31e58d83ed,DIOPSIS-231_Boer4_-_Controle_1,activityDetection,2025-08-13T23:19:36,camtrap-data/images/DIOPSIS-231_2025-08-14T01-19-36+02-00.jpg,DIOPSIS-231_2025-08-14T01-19-36+02-00.jpg,image/jpeg,
73393e51-ede7-413f-9160-2677e68f72e5,DIOPSIS-231_Boer4_-_Controle_1,activityDetection,2025-08-13T23:58:09,camtrap-data/images/DIOPSIS-231_2025-08-14T01-58-09+02-00.jpg,DIOPSIS-231_2025-08-14T01-58-09+02-00.jpg,image/jpeg,
a058f043-35c1-4c6d-8db8-cf0296c1c5bf,DIOPSIS-231_Boer4_-_Controle_1,activityDetection,2025-08-14T00:49:45,camtrap-data/images/DIOPSIS-231_2025-08-14T02-49-45+02-00.jpg,DIOPSIS-231_2025-08-14T02-49-45+02-00.jpg,image/jpeg,
fca4dbed-db27-4da9-bcb3-041db3668ddc,DIOPSIS-231_Boer4_-_Controle_1,activityDetection,2025-08-14T01:25:58,camtrap-data/images/DIOPSIS-231_2025-08-14T03-25-58+02-00.jpg,DIOPSIS-231_2025-08-14T03-25-58+02-00.jpg,image/jpeg,
d2c6b1c2-b9c5-4a13-a3ec-d9a2677506ec,DIOPSIS-231_Boer4_-_Controle_1,activityDetection,2025-08-14T05:46:01,camtrap-data/images/DIOPSIS-231_2025-08-14T07-46-01+02-00.jpg,DIOPSIS-231_2025-08-14T07-46-01+02-00.jpg,image/jpeg,
4becf5c2-0fef-45ec-819e-b26d8f8f89f2,DIOPSIS-231_Boer4_-_Controle_1,activityDetection,2025-08-14T19:41:21,camtrap-data/images/DIOPSIS-231_2025-08-14T21-41-21+02-00.jpg,DIOPSIS-231_2025-08-14T21-41-21+02-00.jpg,image/jpeg,
700f17cf-aeac-44ab-a6fb-9a8f5ced1e16,DIOPSIS-231_Boer4_-_Controle_1,activityDetection,2025-08-14T20:21:11,camtrap-data/images/DIOPSIS-231_2025-08-14T22-21-11+02-00.jpg,DIOPSIS-231_2025-08-14T22-21-11+02-00.jpg,image/jpeg,
9ab5c5b9-397f-4960-99f7-4b70a2943134,DIOPSIS-231_Boer4_-_Controle_1,activityDetection,2025-08-14T20:24:04,camtrap-data/images/DIOPSIS-231_2025-08-14T22-24-04+02-00.jpg,DIOPSIS-231_2025-08-14T22-24-04+02-00.jpg,image/jpeg,
9fa9cfdb-d527-44c3-aca4-592f0d1b2aea,DIOPSIS-231_Boer4_-_Controle_1,activityDetection,2025-08-14T20:47:05,camtrap-data/images/DIOPSIS-231_2025-08-14T22-47-05+02-00.jpg,DIOPSIS-231_2025-08-14T22-47-05+02-00.jpg,image/jpeg,
d7dff2d5-8d1a-4ea6-84c1-64359115d50b,DIOPSIS-231_Boer4_-_Controle_1,activityDetection,2025-08-14T20:59:45,camtrap-data/images/DIOPSIS-231_2025-08-14T22-59-45+02-00.jpg,DIOPSIS-231_2025-08-14T22-59-45+02-00.jpg,image/jpeg,
1d41b186-5c1c-4821-995f-fbcfc5384018,DIOPSIS-231_Boer4_-_Controle_1,activityDetection,2025-08-14T21:05:13,camtrap-data/images/DIOPSIS-231_2025-08-14T23-05-13+02-00.jpg,DIOPSIS-231_2025-08-14T23-05-13+02-00.jpg,image/jpeg,
c93733e2-7519-4e8e-b3bd-a7ead5b95052,DIOPSIS-231_Boer4_-_Controle_1,activityDetection,2025-08-14T21:46:11,camtrap-data/images/DIOPSIS-231_2025-08-14T23-46-11+02-00.jpg,DIOPSIS-231_2025-08-14T23-46-11+02-00.jpg,image/jpeg,
6a050f43-8a08-452a-b7c6-edccf02159bd,DIOPSIS-231_Boer4_-_Controle_1,activityDetection,2025-08-14T22:31:04,camtrap-data/images/DIOPSIS-231_2025-08-15T00-31-04+02-00.jpg,DIOPSIS-231_2025-08-15T00-31-04+02-00.jpg,image/jpeg,
0a21d4e4-3b01-4367-8f83-41494438b9f9,DIOPSIS-231_Boer4_-_Controle_1,activityDetection,2025-08-15T01:13:10,camtrap-data/images/DIOPSIS-231_2025-08-15T03-13-10+02-00.jpg,DIOPSIS-231_2025-08-15T03-13-10+02-00.jpg,image/jpeg,
bacc64c7-b512-4148-a068-234dfcad9a6e,DIOPSIS-231_Boer4_-_Controle_1,activityDetection,2025-08-15T01:56:47,camtrap-data/images/DIOPSIS-231_2025-08-15T03-56-47+02-00.jpg,DIOPSIS-231_2025-08-15T03-56-47+02-00.jpg,image/jpeg,
e706900a-3621-46b3-9ff8-bcc6f5d48f30,DIOPSIS-231_Boer4_-_Controle_1,activityDetection,2025-08-15T02:44:19,camtrap-data/images/DIOPSIS-231_2025-08-15T04-44-19+02-00.jpg,DIOPSIS-231_2025-08-15T04-44-19+02-00.jpg,image/jpeg,
f7a7b326-1f3e-4f3d-a40a-95d8bb1db87f,DIOPSIS-231_Boer4_-_Controle_1,activityDetection,2025-08-15T09:07:20,camtrap-data/images/DIOPSIS-231_2025-08-15T11-07-20+02-00.jpg,DIOPSIS-231_2025-08-15T11-07-20+02-00.jpg,image/jpeg,
588ce466-4a0e-4192-83aa-0733edf76e67,DIOPSIS-231_Boer4_-_Controle_1,activityDetection,2025-08-15T09:08:54,camtrap-data/images/DIOPSIS-231_2025-08-15T11-08-54+02-00.jpg,DIOPSIS-231_2025-08-15T11-08-54+02-00.jpg,image/jpeg,
831d1fee-64c2-46c1-b48e-5c8b37cb9bdc,DIOPSIS-231_Boer4_-_Controle_1,activityDetection,2025-08-15T09:18:24,camtrap-data/images/DIOPSIS-231_2025-08-15T11-18-24+02-00.jpg,DIOPSIS-231_2025-08-15T11-18-24+02-00.jpg,image/jpeg,
17f14383-2efd-4aa6-adda-f4848ba23ace,DIOPSIS-231_Boer4_-_Controle_1,activityDetection,2025-08-15T11:13:50,camtrap-data/images/DIOPSIS-231_2025-08-15T13-13-50+02-00.jpg,DIOPSIS-231_2025-08-15T13-13-50+02-00.jpg,image/jpeg,
be056926-c940-4596-8476-e56025589f9c,DIOPSIS-231_Boer4_-_Controle_1,activityDetection,2025-08-15T14:52:36,camtrap-data/images/DIOPSIS-231_2025-08-15T16-52-36+02-00.jpg,DIOPSIS-231_2025-08-15T16-52-36+02-00.jpg,image/jpeg,
f415061a-4991-449d-8bfe-0ebba20345d3,DIOPSIS-231_Boer4_-_Controle_1,activityDetection,2025-08-15T15:45:30,camtrap-data/images/DIOPSIS-231_2025-08-15T17-45-30+02-00.jpg,DIOPSIS-231_2025-08-15T17-45-30+02-00.jpg,image/jpeg,
fc681d6b-4468-4750-af50-2c1a3fe9c7c4,DIOPSIS-231_Boer4_-_Controle_1,activityDetection,2025-08-15T18:44:43,camtrap-data/images/DIOPSIS-231_2025-08-15T20-44-43+02-00.jpg,DIOPSIS-231_2025-08-15T20-44-43+02-00.jpg,image/jpeg,
c8f2f683-ed89-4c7c-9001-48737432cb24,DIOPSIS-231_Boer4_-_Controle_1,activityDetection,2025-08-15T19:44:45,camtrap-data/images/DIOPSIS-231_2025-08-15T21-44-45+02-00.jpg,DIOPSIS-231_2025-08-15T21-44-45+02-00.jpg,image/jpeg,
61027949-25c2-4621-baf6-d2eb8502f9c5,DIOPSIS-231_Boer4_-_Controle_1,activityDetection,2025-08-15T19:54:45,camtrap-data/images/DIOPSIS-231_2025-08-15T21-54-45+02-00.jpg,DIOPSIS-231_2025-08-15T21-54-45+02-00.jpg,image/jpeg,
14c30f41-ab81-49ad-8fb9-272093c3dec3,DIOPSIS-231_Boer4_-_Controle_1,activityDetection,2025-08-15T20:02:17,camtrap-data/images/DIOPSIS-231_2025-08-15T22-02-17+02-00.jpg,DIOPSIS-231_2025-08-15T22-02-17+02-00.jpg,image/jpeg,
73fd59ef-9a10-4c0e-8ad2-dcd4b3d89b4b,DIOPSIS-231_Boer4_-_Controle_1,activityDetection,2025-08-15T20:30:18,camtrap-data/images/DIOPSIS-231_2025-08-15T22-30-18+02-00.jpg,DIOPSIS-231_2025-08-15T22-30-18+02-00.jpg,image/jpeg,
f1231551-10ce-475a-858f-b0bc7001de0b,DIOPSIS-231_Boer4_-_Controle_1,activityDetection,2025-08-16T00:22:10,camtrap-data/images/DIOPSIS-231_2025-08-16T02-22-10+02-00.jpg,DIOPSIS-231_2025-08-16T02-22-10+02-00.jpg,image/jpeg,
f0229ec7-cafe-4342-8cd3-b736a69fb02d,DIOPSIS-231_Boer4_-_Controle_1,activityDetection,2025-08-16T00:44:53,camtrap-data/images/DIOPSIS-231_2025-08-16T02-44-53+02-00.jpg,DIOPSIS-231_2025-08-16T02-44-53+02-00.jpg,image/jpeg,
a88c1c4d-cbb3-4591-8609-36ec5989d2b2,DIOPSIS-231_Boer4_-_Controle_1,activityDetection,2025-08-16T00:47:59,camtrap-data/images/DIOPSIS-231_2025-08-16T02-47-59+02-00.jpg,DIOPSIS-231_2025-08-16T02-47-59+02-00.jpg,image/jpeg,
50126f32-b227-4b11-a245-8d8d11564b42,DIOPSIS-231_Boer4_-_Controle_1,activityDetection,2025-08-16T01:40:06,camtrap-data/images/DIOPSIS-231_2025-08-16T03-40-06+02-00.jpg,DIOPSIS-231_2025-08-16T03-40-06+02-00.jpg,image/jpeg,
176dc672-b7ef-460c-bd81-c6d73ce2f7ac,DIOPSIS-231_Boer4_-_Controle_1,activityDetection,2025-08-16T13:48:46,camtrap-data/images/DIOPSIS-231_2025-08-16T15-48-46+02-00.jpg,DIOPSIS-231_2025-08-16T15-48-46+02-00.jpg,image/jpeg,
380dd8e5-38ae-414d-82e6-2b6e9d3176f0,DIOPSIS-231_Boer4_-_Controle_1,activityDetection,2025-08-16T15:04:54,camtrap-data/images/DIOPSIS-231_2025-08-16T17-04-54+02-00.jpg,DIOPSIS-231_2025-08-16T17-04-54+02-00.jpg,image/jpeg,
75b70498-f7e5-44b9-8ef0-7d6dce8da0bc,DIOPSIS-231_Boer4_-_Controle_1,activityDetection,2025-08-17T06:49:45,camtrap-data/images/DIOPSIS-231_2025-08-17T08-49-45+02-00.jpg,DIOPSIS-231_2025-08-17T08-49-45+02-00.jpg,image/jpeg,
95f93fb9-e63c-469d-8c04-778cd543c216,DIOPSIS-231_Boer4_-_Controle_1,activityDetection,2025-08-17T10:18:10,camtrap-data/images/DIOPSIS-231_2025-08-17T12-18-10+02-00.jpg,DIOPSIS-231_2025-08-17T12-18-10+02-00.jpg,image/jpeg,
79e44a2d-1819-4826-8b74-1ac9506a529f,DIOPSIS-231_Boer4_-_Controle_1,activityDetection,2025-08-17T13:00:45,camtrap-data/images/DIOPSIS-231_2025-08-17T15-00-45+02-00.jpg,DIOPSIS-231_2025-08-17T15-00-45+02-00.jpg,image/jpeg,
9395188b-1c6e-4181-9e8b-5fb9e0933d29,DIOPSIS-231_Boer4_-_Controle_1,activityDetection,2025-08-18T08:00:19,camtrap-data/images/DIOPSIS-231_2025-08-18T10-00-19+02-00.jpg,DIOPSIS-231_2025-08-18T10-00-19+02-00.jpg,image/jpeg,
2855343b-13a8-4cbd-8b86-fd0bfe36c76a,DIOPSIS-231_Boer4_-_Controle_1,activityDetection,2025-08-18T09:14:28,camtrap-data/images/DIOPSIS-231_2025-08-18T11-14-28+02-00.jpg,DIOPSIS-231_2025-08-18T11-14-28+02-00.jpg,image/jpeg,
f49d487a-4839-4447-9a10-2c447fcf800c,DIOPSIS-231_Boer4_-_Controle_1,activityDetection,2025-08-18T13:36:13,camtrap-data/images/DIOPSIS-231_2025-08-18T15-36-13+02-00.jpg,DIOPSIS-231_2025-08-18T15-36-13+02-00.jpg,image/jpeg,
97ff2862-8a98-4231-baaa-2d3fb331839b,DIOPSIS-231_Boer4_-_Controle_1,activityDetection,2025-08-18T15:52:57,camtrap-data/images/DIOPSIS-231_2025-08-18T17-52-57+02-00.jpg,DIOPSIS-231_2025-08-18T17-52-57+02-00.jpg,image/jpeg,
